,Passageiro,Partido,Sexo,UF,Motivo,ResumoMotivo,Cargo,TipoServico,Trechos,Data1,Data2,Tarifa,Classe,MultaOuRemarcacao,Cancelamento,CustoTotal,ResumoMovito,Reembolso,TxEmbarque
0,Humberto Costa,PT,Masculino,PE,Reuni�es e atividades diversas na sede do Parlamento Europeu,Miss�o Oficial,Senador(a),Internacional,REC/LIS/BRU/LIS/REC,17/02/2019,22/02/2019,"2.737,52",Econ�mica,,,"3.135,45",,,
1,Humberto Costa,PT,Masculino,PE,Reuni�es e atividades diversas na sede do Parlamento Europeu,Miss�o Oficial,Senador(a),Seguro Viagem,REC/LIS/BRU/LIS/REC,17/02/2019,22/02/2019,"128,00",Seguro Viagem,,,"128,00",,,
2,Arolde de Oliveira,PSD,Masculino,RJ,GSMA Mobile World Congress-2019,Miss�o Oficial,Senador(a),Internacional,GRU/BCN/GRU,23/02/2019,28/02/2019,"17.441,49",Executiva,,,"17.643,91",,,
3,Arolde de Oliveira,PSD,Masculino,RJ,GSMA Mobile World Congress-2019,Miss�o Oficial,Senador(a),Seguro Viagem,GRU/BCN/GRU,23/02/2019,28/02/2019,"193,03",Seguro Viagem,,,"193,03",,,
4,Chico Rodrigues,PSB,Masculino,RR,Conven��o Anual da Prospectors and Developers Association of Canada � PDAC 2019,Miss�o Oficial,Senador(a),Internacional,BSB/GRU/TORONTO/GRU/BSB,01/03/2019,06/03/2019,"29.141,95",Executiva,,,"30.512,96",,,
5,Chico Rodrigues,PSB,Masculino,RR,Conven��o Anual da Prospectors and Developers Association of Canada � PDAC 2019,Miss�o Oficial,Senador(a),Internacional,BSB/GRU/TORONTO/GRU/BSB,01/03/2019,06/03/2019,"129,03",Seguro Viagem,,,"129,03",,,
6,Daniella Ribeiro,PSD,Feminino,PB,63� per�odo das Sess�es da Comiss�o sobre Situa��o da mulher (Commission on the Status of Women � CSW) da Organiza��o das Na��es Unidas � ONU,Miss�o Oficial,Senador(a),Internacional,REC/MCO/JFK/MCO/REC,10/03/2019,16/03/2019,"14.608,76",Executiva,,,"15.025,71",,,
7,Daniella Ribeiro,PSD,Feminino,PB,63� per�odo das Sess�es da Comiss�o sobre Situa��o da mulher (Commission on the Status of Women � CSW) da Organiza��o das Na��es Unidas � ONU,Miss�o Oficial,Senador(a),Seguro Viagem,REC/MCO/JFK/MCO/REC,10/03/2019,16/03/2019,"229,80",Seguro Viagem,,,"229,80",,,
8,Soraya Thronicke,PODEMOS,Feminino,MS,63� per�odo das Sess�es da Comiss�o sobre Situa��o da mulher (Commission on the Status of Women � CSW) da Organiza��o das Na��es Unidas � ONU,Miss�o Oficial,Senador(a),Nacional,CGR/BSB,08/03/2019,08/03/2019,"271,50",Econ�mica,,,"297,40",,,
9,Soraya Thronicke,PODEMOS,Feminino,MS,63� per�odo das Sess�es da Comiss�o sobre Situa��o da mulher (Commission on the Status of Women � CSW) da Organiza��o das Na��es Unidas � ONU,Miss�o Oficial,Senador(a),Internacional,BSB/MCO/JFK/MCO/BSB,09/03/2019,14/03/2019,"5.741,62",Econ�mica,,,"6.136,67",,,
10,Soraya Thronicke,PODEMOS,Feminino,MS,63� per�odo das Sess�es da Comiss�o sobre Situa��o da mulher (Commission on the Status of Women � CSW) da Organiza��o das Na��es Unidas � ONU,Miss�o Oficial,Senador(a),Seguro Viagem,BSB/MCO/JFK/MCO/BSB,09/03/2019,14/03/2019,"172,35",Seguro Viagem,,,"172,35",,,
11,Roberto Rocha,PTB,Masculino,MA,"Proferir exposi��o sobre o tema �Uma perspectiva congressional sobre a
rela��o espacial Brasil-EUA� durante a C�pula Espacial Brasil-EUA",Miss�o Oficial,Senador(a),Internacional,BSB/GRU/EWR/IAD/GRU/BSB,16/03/2019,21/03/2019,"26.526,11",Executiva,,,"26.965,60",,,
12,Roberto Rocha,PTB,Masculino,MA,"Proferir exposi��o sobre o tema �Uma perspectiva congressional sobre a
rela��o espacial Brasil-EUA� durante a C�pula Espacial Brasil-EUA",Miss�o Oficial,Senador(a),Seguro Viagem,BSB/GRU/EWR/IAD/GRU/BSB,16/03/2019,21/03/2019,"172,80",Seguro Viagem,,,"172,80",,,
13,Marcos do Val,PODEMOS,Masculino,ES,Reuni�es das Comiss�es Permanentes e da LXI Ordin�ria do Parlamento do Mercosul,Miss�o Oficial,Senador(a),Internacional,BSB/GRU/MVD/GRU/BSB,31/03/2019,02/04/2019,"2.906,18",Econ�mica,,,"1.981,87",,,
14,Jarbas Vasconcelos,MDB,Masculino,PE,140� Assembleia da Uni�o Interparlamentar e na Sess�o Ordin�ria do Grupo de Parlamentares da Am�rica Latina e do Caribe,Miss�o Oficial,Senador(a),Internacional,BSB/GRU/IST/DOH/IST/GRU/REC,03/04/2019,12/04/2019,"20.911,35",Executiva,,,"23.302,68",,,
15,Jarbas Vasconcelos,MDB,Masculino,PE,140� Assembleia da Uni�o Interparlamentar e na Sess�o Ordin�ria do Grupo de Parlamentares da Am�rica Latina e do Caribe,Miss�o Oficial,Senador(a),Seguro Viagem,BSB/GRU/IST/DOH/IST/GRU/REC,03/04/2019,12/04/2019,"325,88",Seguro Viagem,,,"325,88",,,
16,Jaques Wagner,PT,Masculino,BA,Reuni�es das Comiss�es Permanentes e da LXI Ordin�ria do Parlamento do Mercosul,Miss�o Oficial,Senador(a),Internacional,SSA/GRU/MVD,31/03/2019,31/03/2019,"3.013,26",Econ�mica,,,"3.156,58",,,
17,Jaques Wagner,PT,Masculino,BA,Reuni�es das Comiss�es Permanentes e da LXI Ordin�ria do Parlamento do Mercosul,Miss�o Oficial,Senador(a),Internacional,MVD/GRU/BSB,02/04/2019,02/04/2019,"2.898,45",Econ�mica,,,"3.346,81",,,
18,Jaques Wagner,PT,Masculino,BA,Reuni�es das Comiss�es Permanentes e da LXI Ordin�ria do Parlamento do Mercosul,Miss�o Oficial,Senador(a),Seguro Viagem,SSA/GRU/MVD/GRU/BSB,31/03/2019,02/04/2019,"112,41",Seguro Viagem,,,"112,41",,,
19,Eduardo Braga,MDB,Masculino,AM,140� Assembleia da Uni�o Interparlamentar,Miss�o Oficial,Senador(a),Internacional,GRU/DOH/GRU,04/04/2019,09/04/2019,"31.481,43",Executiva,,,"33.803,33",,,
20,Eduardo Braga,MDB,Masculino,AM,140� Assembleia da Uni�o Interparlamentar,Miss�o Oficial,Senador(a),Internacional,GRU/DOH,05/04/2019,05/04/2019,,Executiva,"2.706,27",,"2.706,28",,,
21,Eduardo Braga,MDB,Masculino,AM,140� Assembleia da Uni�o Interparlamentar,Miss�o Oficial,Senador(a),Seguro Viagem,GRU/DOH/GRU,04/04/2019,09/04/2019,"134,90",Seguro Viagem,,,"134,90",,,
22,Antonio Anastasia,PSD,Masculino,MG,140� Assembleia da Uni�o Interparlamentar,Miss�o Oficial,Senador(a),Internacional,GRU/IST/DOH/IST/BSB,04/04/2019,15/04/2019,"16.943,74",Executiva,,,"19.230,96",,,
23,Antonio Anastasia,PSD,Masculino,MG,140� Assembleia da Uni�o Interparlamentar,Miss�o Oficial,Senador(a),Seguro Viagem,GRU/IST/DOH/IST/BSB,04/04/2019,15/04/2019,"234,00",Seguro Viagem,,,"179,40",,,
24,Antonio Anastasia,PSD,Masculino,MG,Reuni�o da Junta Diretiva do Parlamento Latino-Americano e Caribenho,Miss�o Oficial,Senador(a),Internacional,BSB/PTY/CNF,26/04/2019,28/04/2019,"8.972,73",Executiva,,,"9.299,69",,,
25,Antonio Anastasia,PSD,Masculino,MG,Reuni�o da Junta Diretiva do Parlamento Latino-Americano e Caribenho,Miss�o Oficial,Senador(a),Seguro Viagem,BSB/PTY/CNF,26/04/2019,29/04/2019,"109,82",Seguro Viagem,,,"109,82",,,
26,Marcos do Val,PODEMOS,Masculino,ES,Miss�o Oficial Internacional no Estado do Texas e Wassington,Miss�o Oficial,Senador(a),Internacional,BSB/MIA/AUS/DCA/MIA/BSB,25/04/2019,05/05/2019,"5.201,89",Econ�mica,,,"5.592,99",,,
27,Marcos do Val,PODEMOS,Masculino,ES,Miss�o Oficial Internacional no Estado do Texas e Wassington,Miss�o Oficial,Senador(a),Internacional,IAH/IAD,29/04/2019,29/04/2019,"2.164,04",Econ�mica,,,"2.382,42",,,
28,Marcos do Val,PODEMOS,Masculino,ES,Miss�o Oficial Internacional no Estado do Texas e Wassington,Miss�o Oficial,Senador(a),Seguro Viagem,BSB/MIA/AUS/IAH/IAD/DCA/MIA/BSB,25/04/2019,05/05/2019,"237,77",Seguro Viagem,,,"237,77",,,
29,Fabiano Contarato,PT,Masculino,ES,Participar do evento Col�quio Luso-Brasileiro de Direito Ambiental: Ambiente equilibrado como Direito Fuandamental,Miss�o Oficial,Senador(a),Internacional,BSB/LIS/GIG/VIX,01/05/2019,04/05/2019,"7.275,94",Econ�mica,,,"7.549,27",,,
30,Fabiano Contarato,PT,Masculino,ES,Participar do evento Col�quio Luso-Brasileiro de Direito Ambiental: Ambiente equilibrado como Direito Fuandamental,Miss�o Oficial,Senador(a),Seguro Viagem,BSB/LIS/GIG/VIX,01/05/2019,04/05/2019,"93,10",Seguro Viagem,,,"93,10",,,
31,Humberto Costa,PT,Masculino,PE,Participar das Reuni�es das Comiss�es Permanentes e da LXII Sess�o Ordin�ria do Parlamento do Mercosul,Miss�o Oficial,Senador(a),Nacional,REC/GRU,27/04/2019,,"1.223,90",Econ�mica,,,"1.256,86",,,
32,Humberto Costa,PT,Masculino,PE,Participar das Reuni�es das Comiss�es Permanentes e da LXII Sess�o Ordin�ria do Parlamento do Mercosul,Miss�o Oficial,Senador(a),Nacional,GRU/REC,,01/05/2019,"897,15",Econ�mica,,,"928,10",,,
33,Humberto Costa,PT,Masculino,PE,Participar das Reuni�es das Comiss�es Permanentes e da LXII Sess�o Ordin�ria do Parlamento do Mercosul,Miss�o Oficial,Senador(a),Internacional,GRU/MVD/GRU,27/04/2019,30/04/2019,"1.817,99",Econ�mica,,,"2.142,67",,,
34,Humberto Costa,PT,Masculino,PE,Participar das Reuni�es das Comiss�es Permanentes e da LXII Sess�o Ordin�ria do Parlamento do Mercosul,Miss�o Oficial,Senador(a),Seguro Viagem,GRU/MVD/GRU,28/04/2019,30/04/2019,"93,10",Seguro Viagem,,,"93,10",,,
35,Rodrigo Pacheco,PSD,Masculino,MG,Participar das Reuni�es das Comiss�es Permanentes e da LXII Sess�o Ordin�ria do Parlamento do Mercosul,Miss�o Oficial,Senador(a),Internacional,CNF/POA/MVD/POA/CNF,28/04/2019,30/04/2019,"1.541,94",Econ�mica,,,"2.243,63",,,
36,Rodrigo Pacheco,PSD,Masculino,MG,Participar das Reuni�es das Comiss�es Permanentes e da LXII Sess�o Ordin�ria do Parlamento do Mercosul,Miss�o Oficial,Senador(a),Seguro Viagem,CNF/POA/MVD/POA/CNF,28/04/2019,30/04/2019,"94,53",Seguro Viagem,,,"94,53",,,
37,Rodrigo Cunha,PODEMOS,Masculino,AL,Participar das Reuni�es das Comiss�es Permanentes e da LXII Sess�o Ordin�ria do Parlamento do Mercosul,Miss�o Oficial,Senador(a),Internacional,GRU/MVD,26/04/2019,26/04/2019,"2.804,95",Econ�mica,,,"2.917,19",,,
38,Rodrigo Cunha,PODEMOS,Masculino,AL,Participar das Reuni�es das Comiss�es Permanentes e da LXII Sess�o Ordin�ria do Parlamento do Mercosul,Miss�o Oficial,Senador(a),Internacional,MVD/GRU/MCZ,30/04/2019,01/05/2019,"2.591,80",Econ�mica,,,"3.022,24",,,
39,Rodrigo Cunha,PODEMOS,Masculino,AL,Participar das Reuni�es das Comiss�es Permanentes e da LXII Sess�o Ordin�ria do Parlamento do Mercosul,Miss�o Oficial,Senador(a),Seguro Viagem,GRU/MVD/GRU/MCZ,26/04/2019,01/05/2019,"113,43",Seguro Viagem,,,"94,53",,,
40,Soraya Thronicke,PODEMOS,Feminino,MS,Participar das Reuni�es das Comiss�es Permanentes e da LXII Sess�o Ordin�ria do Parlamento do Mercosul,Miss�o Oficial,Senador(a),Internacional,BSB/GRU/MVD/GIG/BSB,28/04/2019,30/04/2019,"2.528,39",Econ�mica,,,"2.905,60",,,
41,Soraya Thronicke,PODEMOS,Feminino,MS,Participar das Reuni�es das Comiss�es Permanentes e da LXII Sess�o Ordin�ria do Parlamento do Mercosul,Miss�o Oficial,Senador(a),Seguro Viagem,BSB/GRU/MVD/GIG/BSB,28/04/2019,30/04/2019,"94,53",Seguro Viagem,,,"94,53",,,
42,Marcelo Castro,MDB,Masculino,PI,Participar das Reuni�es das Comiss�es Permanentes e da LXII Sess�o Ordin�ria do Parlamento do Mercosul,Miss�o Oficial,Senador(a),Internacional,BSB/GRU/MVD/GRU/BSB,28/04/2019,30/04/2019,"5.072,65",Econ�mica,,,"5.450,45",,,
43,Marcelo Castro,MDB,Masculino,PI,Participar das Reuni�es das Comiss�es Permanentes e da LXII Sess�o Ordin�ria do Parlamento do Mercosul,Miss�o Oficial,Senador(a),Seguro Viagem,BSB/GRU/MVD/GRU/BSB,28/04/2019,30/04/2019,"94,53",Seguro Viagem,,,"94,53",,,
44,Cid Gomes,PSB,Masculino,CE,"Painel de Educa��o do Brazil Forum UK 2019, a ser realizado na London School of Economics and Politicall Science (LSE) e na Universidade de Oxford",Miss�o Oficial,Senador(a),Seguro Viagem,BSB/LHL/BSB,16/05/2019,26/06/2019,"206,39",Seguro Viagem,,,"93,81",,,
45,Roberto Rocha,PTB,Masculino,MA,Thaifex - World of Food Asma 2019 e Miss�o oficial � Singapura,Miss�o Oficial,Senador(a),Internacional,BSB/GRU/ADD/SIN/BKK/ADD/GRU/BSB,23/05/2019,30/05/2019,"16.219,76",Executiva,,,"10.241,57",,,
46,Roberto Rocha,PTB,Masculino,MA,Thaifex - World of Food Asma 2019 e Miss�o oficial � Singapura,Miss�o Oficial,Senador(a),Internacional,SIN/BKK,27/05/2019,,"3.141,44",Executiva,,,"3.673,89",,,
47,Roberto Rocha,PTB,Masculino,MA,Thaifex - World of Food Asma 2019 e Miss�o oficial � Singapura,Miss�o Oficial,Senador(a),Seguro Viagem,BSB/GRU/ADD/SIN/BKK/ADD/GRU/BSB,23/05/2019,30/05/2019,"172,28",Seguro Viagem,,,"172,28",,,
48,Nelsinho Trad,PSD,Masculino,MS,Reuni�es das Comiss�es Permanentes e da LXIII Sess�o Ordin�ria do Parlamento do Mercosul,Miss�o Oficial,Senador(a),Internacional,BSB/GRU/MVD/GRU/BSB,29/05/2019,01/06/2019,"2.278,61",Econ�mica,,,"2.663,79",,,
49,Nelsinho Trad,PSD,Masculino,MS,Reuni�es das Comiss�es Permanentes e da LXIII Sess�o Ordin�ria do Parlamento do Mercosul,Miss�o Oficial,Senador(a),Seguro Viagem,BSB/GRU/MVD/GRU/BSB,29/05/2019,01/06/2019,"95,95",Seguro Viagem,,,"95,95",,,
50,Humberto Costa,PT,Masculino,PE,Reuni�es das Comiss�es Permanentes e da LXIII Sess�o Ordin�ria do Parlamento do Mercosul,Miss�o Oficial,Senador(a),Internacional,BSB/GRU/MVD/GRU/BSB,29/05/2019,02/06/2019,"3.350,17",Econ�mica,,,"3.735,35",,,
51,Humberto Costa,PT,Masculino,PE,Reuni�es das Comiss�es Permanentes e da LXIII Sess�o Ordin�ria do Parlamento do Mercosul,Miss�o Oficial,Senador(a),Seguro Viagem,BSB/GRU/MVD/GRU/BSB,29/05/2019,02/06/2019,"95,95",Seguro Viagem,,,"95,95",,,
52,Nelsinho Trad,PSD,Masculino,MS,6� Encontro sobre Potencial da Di�spora Libanesa,Miss�o Oficial,Senador(a),internacional,BSB/GIG/CDGBEY/CDG/GIG/BSB,05/06/2019,10/06/2019,"27.787,86",Executiva,,,"28.487,97",,,
53,Nelsinho Trad,PSD,Masculino,MS,6� Encontro sobre Potencial da Di�spora Libanesa,Miss�o Oficial,Senador(a),Seguro Viagem,BSB/GIG/CDGBEY/CDG/GIG/BSB,05/06/2019,10/06/2019,"115,14",Seguro Viagem,,,"115,14",,,
54,Marcelo Castro,MDB,Masculino,PI,Reuni�es das Comiss�es Permanentes e da LXIII Sess�o Ordin�ria do Parlamento do Mercosul,Miss�o Oficial,Senador(a),internacional,BSB/GRU/MVD,30/05/2019,31/05/2019,"3.342,32",Econ�mica,,,"2.341,66",,,
55,Marcelo Castro,MDB,Masculino,PI,Reuni�es das Comiss�es Permanentes e da LXIII Sess�o Ordin�ria do Parlamento do Mercosul,Miss�o Oficial,Senador(a),internacional,MVD/GRU/BSB,03/06/2019,03/06/2019,"2.936,64",Econ�mica,,,"1.891,88",,,
56,Marcelo Castro,MDB,Masculino,PI,Reuni�es das Comiss�es Permanentes e da LXIII Sess�o Ordin�ria do Parlamento do Mercosul,Miss�o Oficial,Senador(a),Seguro Viagem,BSB/GRU/MVD/GRU/BSB,30/05/2019,03/06/2019,"80,80",Seguro Viagem,,,,,,
57,Jaques Wagner,PT,Masculino,BA,"Participar de miss�o oficial do Governo da Bahia, a realizar-se na Rep�blica Popular da China",Miss�o Oficial,Senador(a),Internacional,SSA/LIS,09/05/2019,09/05/2019,"5.329,19",Executiva,,,"5.447,73",,,
58,Jaques Wagner,PT,Masculino,BA,"Participar de miss�o oficial do Governo da Bahia, a realizar-se na Rep�blica Popular da China",Miss�o Oficial,Senador(a),Internacional,LIS/MUC/PEK,10/05/2019,10/05/2019,"8.290,28",Executiva,,,"9.602,28",,,
59,Jaques Wagner,PT,Masculino,BA,"Participar de miss�o oficial do Governo da Bahia, a realizar-se na Rep�blica Popular da China",Miss�o Oficial,Senador(a),Internacional,HKG/LAX,15/05/2019,15/05/2019,"8.335,34",Executiva,,,"8.929,40",,,
60,Jaques Wagner,PT,Masculino,BA,"Participar de miss�o oficial do Governo da Bahia, a realizar-se na Rep�blica Popular da China",Miss�o Oficial,Senador(a),Internacional,LAX/PTY/BSB,19/05/2019,20/05/2019,"8.586,58",Executiva,,,"8.862,09",,,
61,Jaques Wagner,PT,Masculino,BA,"Participar de miss�o oficial do Governo da Bahia, a realizar-se na Rep�blica Popular da China",Miss�o Oficial,Senador(a),Internacional,PEK/SZX,13/05/2019,13/05/2019,"4.416,26",Executiva,,,"4.839,59",,,
62,Jaques Wagner,PT,Masculino,BA,"Participar de miss�o oficial do Governo da Bahia, a realizar-se na Rep�blica Popular da China",Miss�o Oficial,Senador(a),Seguro Viagem,SSA/LIS/MUC/PEK/HKG/LA/PTY,09/05/2019,21/05/2019,"281,00",Seguro Viagem,,,"281,00",,,
63,Mara Gabrilli,PSD,Feminino,SP,12� Confer�ncia dos Estados Partes da Conven��o sobre os Direitos das Pessoas com Defici�ncia,Miss�o Oficial,Senador(a),Internacional,GRU/JFK/GRU,10/06/2019,15/06/2019,"24.166,21",Executiva,,,"24.544,22",,,
64,Jaques Wagner,PT,Masculino,BA,LXIII Sess�o Ordin�ria do Parlamento do Mercosul,Miss�o Oficial,Senador(a),Internacional,BSB/GRU/MVD,30/05/2019,,"2.983,83",Econ�mica,,,"2.269,89",,,
65,Jaques Wagner,PT,Masculino,BA,LXIII Sess�o Ordin�ria do Parlamento do Mercosul,Miss�o Oficial,Senador(a),Internacional,MVD/POA,,31/05/2019,"486,54",Econ�mica,,,"507,18",,,
66,Jaques Wagner,PT,Masculino,BA,LXIII Sess�o Ordin�ria do Parlamento do Mercosul,Miss�o Oficial,Senador(a),Nacional,POA/CGH,31/05/2019,31/05/2019,"1.344,90",Econ�mica,,,"926,95",,,
67,Jaques Wagner,PT,Masculino,BA,LXIII Sess�o Ordin�ria do Parlamento do Mercosul,Miss�o Oficial,Senador(a),Nacional,CGH/SSA,31/05/2019,31/05/2019,"1.712,92",Econ�mica,,,"1.027,76",,,
68,Jaques Wagner,PT,Masculino,BA,LXIII Sess�o Ordin�ria do Parlamento do Mercosul,Miss�o Oficial,Senador(a),Seguro Viagem,BSB/GRU/MVD/POA,30/05/2019,31/05/2019,"95,71",Seguro Viagem,,"Conforme e-mail da AEROTUR, de acordo com a pol�tica de cancelamento, ap�s o in�cio da vig�ncia n�o tem como cancelar o seguro","95,71",,,
69,Antonio Anastasia,PSD,Masculino,MG,"Reuni�o da Junta Diretiva, bem como, da XXXV Assembleia Ordin�ria do Parlamento Latino-Americano e Caribenho �Parlatino, a serem realizadas no per�odo de 13 a 15 de junho de 2019, na cidade do Panam�.",Miss�o Oficial,Senador(a),Internacional,BSB/PTY/CNF,13/06/2019,16/06/2019,"9.351,81",Executiva,,,"9.847,45",,,
70,Antonio Anastasia,PSD,Masculino,MG,"Reuni�o da Junta Diretiva, bem como, da XXXV Assembleia Ordin�ria do Parlamento Latino-Americano e Caribenho �Parlatino, a serem realizadas no per�odo de 13 a 15 de junho de 2019, na cidade do Panam�.",Miss�o Oficial,Senador(a),Seguro Viagem,BSB/PTY/CNF,13/06/2019,16/06/2019,"94,29",Seguro Viagem,,,"94,29",,,
71,Rodrigo Cunha,PODEMOS,Masculino,AL,Participar das Reuni�es das Comiss�es Permanentes e da LXIV Sess�o Ordin�ria do Parlamento do Mercosul,Miss�o Oficial,Senador(a),Internacional,MCZ/GRU/MVD,16/06/2019,16/06/2019,"2.928,65",Econ�mica,,,"3.073,84",,,
72,Rodrigo Cunha,PODEMOS,Masculino,AL,Participar das Reuni�es das Comiss�es Permanentes e da LXIV Sess�o Ordin�ria do Parlamento do Mercosul,Miss�o Oficial,Senador(a),Internacional,MVD/GRU/BSB,18/06/2019,18/06/2019,"2.831,67",Econ�mica,,,"3.275,77",,,
73,Rodrigo Cunha,PODEMOS,Masculino,AL,Participar das Reuni�es das Comiss�es Permanentes e da LXIV Sess�o Ordin�ria do Parlamento do Mercosul,Miss�o Oficial,Senador(a),Seguro Viagem,MCZ/GRU/MVD/GRU/BSB,16/06/2019,18/06/2019,"91,44",Seguro Viagem,,,"91,44",,,
74,Nelsinho Trad,PSD,Masculino,MS,Participar das Reuni�es das Comiss�es Permanentes da Mesa Diretora do observat�rio da democracia e da LXIV Sess�o Ordin�ria do Parlamento do Mercosul,Miss�o Oficial,Senador(a),Internacional,CGR/GRU,15/06/2019,15/06/2019,"1.523,77",Econ�mica,,,"1.549,67",,,
75,Nelsinho Trad,PSD,Masculino,MS,Participar das Reuni�es das Comiss�es Permanentes da Mesa Diretora do observat�rio da democracia e da LXIV Sess�o Ordin�ria do Parlamento do Mercosul,Miss�o Oficial,Senador(a),Internacional,GRU/MVD,15/06/2019,16/06/2019,"2.764,48",Econ�mica,,,"2.876,72",,,
76,Nelsinho Trad,PSD,Masculino,MS,Participar das Reuni�es das Comiss�es Permanentes da Mesa Diretora do observat�rio da democracia e da LXIV Sess�o Ordin�ria do Parlamento do Mercosul,Miss�o Oficial,Senador(a),Internacional,MVD/GRU/BSB,17/06/2019,17/06/2019,"2.822,47",Econ�mica,,,"3.265,23",,,
77,Nelsinho Trad,PSD,Masculino,MS,Participar das Reuni�es das Comiss�es Permanentes da Mesa Diretora do observat�rio da democracia e da LXIV Sess�o Ordin�ria do Parlamento do Mercosul,Miss�o Oficial,Senador(a),Seguro Viagem,CGR/GRU/MVD/GRU/BSB,15/06/2019,17/06/2019,"91,67",Seguro Viagem,,,"91,67",,,
78,Humberto Costa,PT,Masculino,PE,Participar das Reuni�es das Comiss�es Permanentes da Mesa Diretora e da LXIV Sess�o Ordin�ria do Parlamento do Mercosul,Miss�o Oficial,Senador(a),Internacional,REC/GRU/MVD,15/06/2019,16/06/2019,"2.319,84",Econ�mica,,,"2.465,03",,,
79,Humberto Costa,PT,Masculino,PE,Participar das Reuni�es das Comiss�es Permanentes da Mesa Diretora e da LXIV Sess�o Ordin�ria do Parlamento do Mercosul,Miss�o Oficial,Senador(a),Internacional,MVD/GRU/BSB,18/06/2019,18/06/2019,"2.745,14",Econ�mica,,,"3.182,10",,,
80,Humberto Costa,PT,Masculino,PE,Participar das Reuni�es das Comiss�es Permanentes da Mesa Diretora e da LXIV Sess�o Ordin�ria do Parlamento do Mercosul,Miss�o Oficial,Senador(a),Seguro Viagem,REC/GRU/MVD/GRU/BSB,15/06/2019,18/06/2019,"91,67",Seguro Viagem,,,"91,67",,,
81,Humberto Costa,PT,Masculino,PE,Participar das Reuni�es das Comiss�es Permanentes da Mesa Diretora e da LXIV Sess�o Ordin�ria do Parlamento do Mercosul,Miss�o Oficial,Senador(a),Internacional,REC/GRU/MVD,13/07/2019,13/07/2019,"3.311,65",Econ�mica,,,"3.465,17",,,
82,Humberto Costa,PT,Masculino,PE,Participar das Reuni�es das Comiss�es Permanentes da Mesa Diretora e da LXIV Sess�o Ordin�ria do Parlamento do Mercosul,Miss�o Oficial,Senador(a),Internacional,MVD/POA/CGH,16/07/2019,16/07/2019,"384,46",Econ�mica,,,"942,12",,,
83,Humberto Costa,PT,Masculino,PE,Participar das Reuni�es das Comiss�es Permanentes da Mesa Diretora e da LXIV Sess�o Ordin�ria do Parlamento do Mercosul,Miss�o Oficial,Senador(a),Seguro Viagem,REC/GRU/MVD/POA/CGH,13/07/2019,16/07/2019,"89,77",Seguro Viagem,,,"89,77",,,
84,Nelsinho Trad,PSD,Masculino,MS,Participar das Reuni�es das Comiss�es Permanentes da Mesa Diretora e da LXIV Sess�o Ordin�ria do Parlamento do Mercosul,Miss�o Oficial,Senador(a),Internacional,BSB/GRU/MVD/GRU/BSB,13/07/2019,15/07/2019,"4.985,63",Econ�mica,,,"5.356,05",,,
85,Nelsinho Trad,PSD,Masculino,MS,Participar das Reuni�es das Comiss�es Permanentes da Mesa Diretora e da LXIV Sess�o Ordin�ria do Parlamento do Mercosul,Miss�o Oficial,Senador(a),Seguro Viagem,BSB/GRU/MVD/GRU/BSB,13/07/2019,15/07/2019,"89,77",Seguro Viagem,,,"89,77",,,
86,Jaques Wagner,PT,Masculino,BA,Participar das Reuni�es das Comiss�es Permanentes da Mesa Diretora e da LXIV Sess�o Ordin�ria do Parlamento do Mercosul,Miss�o Oficial,Senador(a),Internacional,SSA/GRU/MVD,14/07/2019,14/07/2019,"2.911,97",Econ�mica,,,"3.055,29",,,
87,Jaques Wagner,PT,Masculino,BA,Participar das Reuni�es das Comiss�es Permanentes da Mesa Diretora e da LXIV Sess�o Ordin�ria do Parlamento do Mercosul,Miss�o Oficial,Senador(a),Internacional,MVD/GRU/BSB,16/07/2019,16/07/2019,"2.778,75",Econ�mica,,,"1.828,65",,,
88,Jaques Wagner,PT,Masculino,BA,Participar das Reuni�es das Comiss�es Permanentes da Mesa Diretora e da LXIV Sess�o Ordin�ria do Parlamento do Mercosul,Miss�o Oficial,Senador(a),Internacional,MVD/GIG,16/07/2019,16/07/2019,"2.702,38",Econ�mica,,,"3.099,34",,,
89,Jaques Wagner,PT,Masculino,BA,Participar das Reuni�es das Comiss�es Permanentes da Mesa Diretora e da LXIV Sess�o Ordin�ria do Parlamento do Mercosul,Miss�o Oficial,Senador(a),Seguro Viagem,SSA/GRU/MVD/GRU/BSB,14/07/2019,16/07/2019,"89,77",Seguro Viagem,,,"89,77",,,
90,Rodrigo Cunha,PODEMOS,Masculino,AL,Participar das Reuni�es das Comiss�es Permanentes da Mesa Diretora e da LXIV Sess�o Ordin�ria do Parlamento do Mercosul,Miss�o Oficial,Senador(a),Internacional,BSB/GRU/MVD,14/07/2019,15/07/2019,"3.199,00",Econ�mica,,,"3.349,06",,,
91,Rodrigo Cunha,PODEMOS,Masculino,AL,Participar das Reuni�es das Comiss�es Permanentes da Mesa Diretora e da LXIV Sess�o Ordin�ria do Parlamento do Mercosul,Miss�o Oficial,Senador(a),Internacional,MVD/GRU/BSB,16/07/2019,16/07/2019,"2.778,75",Econ�mica,,,"3.215,14",,,
92,Rodrigo Cunha,PODEMOS,Masculino,AL,Participar das Reuni�es das Comiss�es Permanentes da Mesa Diretora e da LXIV Sess�o Ordin�ria do Parlamento do Mercosul,Miss�o Oficial,Senador(a),Seguro Viagem,BSB/GRU/MVD/GRU/BSB,14/07/2019,16/07/2019,"89,77",Seguro Viagem,,,"89,77",,,
93,Antonio Anastasia,PSD,Masculino,MG,Semin�rio Parlamentar Internacional sobre Liberdade de Imprensa,Miss�o Oficial,Senador(a),Internacional,GIG/LHR/MAD/GIG,05/09/2019,15/09/2019,"13.685,42",Executiva,,,"14.776,27",,,
94,Antonio Anastasia,PSD,Masculino,MG,Semin�rio Parlamentar Internacional sobre Liberdade de Imprensa,Miss�o Oficial,Senador(a),Internacional,GIG/LHR/MAD/GIG,05/09/2019,15/09/2019,"196,46",Seguro Viagem,,,"107,16",,,
95,Humberto Costa,PT,Masculino,PE,Reuni�es das Comiss�es Permanentes e da LXVI Sess�o Ordin�ria do Parlamento do Mercosul,Miss�o Oficial,Senador(a),Internacional,BSB/GRU/MVD/GRU/BSB,25/08/2019,28/08/2019,"3.060,82",Econ�mica,,,"3.454,56",,,
96,Humberto Costa,PT,Masculino,PE,Reuni�es das Comiss�es Permanentes e da LXVI Sess�o Ordin�ria do Parlamento do Mercosul,Miss�o Oficial,Senador(a),Seguro Viagem,BSB/GRU/MVD/GRU/BSB,25/08/2019,28/08/2019,"95,95",Seguro Viagem,,,"95,95",,,
97,Nelsinho Trad,PSD,Masculino,MS,Reuni�es das Comiss�es Permanentes e da LXVI Sess�o Ordin�ria do Parlamento do Mercosul,Miss�o Oficial,Senador(a),Internacional,BSB/GRU/MVD/GRU/BSB,24/08/2019,27/08/2019,"1.266,62",Econ�mica,,,"1.660,36",,,
98,Nelsinho Trad,PSD,Masculino,MS,Reuni�es das Comiss�es Permanentes e da LXVI Sess�o Ordin�ria do Parlamento do Mercosul,Miss�o Oficial,Senador(a),Seguro Viagem,BSB/GRU/MVD/GRU/BSB,24/08/2019,27/08/2019,"95,95",Seguro Viagem,,,"95,95",,,
99,Randolfe Rodrigues,PT,Masculino,AP,XXIII Feira Pan-Amaz�nca do Livro,Miss�o Oficial,Senador(a),Nacional,MCP/BEL,23/08/2019,23/08/2019,"312,90",Econ�mica,,,"338,80",,,
100,Randolfe Rodrigues,PT,Masculino,AP,XXIII Feira Pan-Amaz�nca do Livro,Miss�o Oficial,Senador(a),Nacional,BEL/REC,25/08/2019,25/08/2019,"904,90",Econ�mica,,,"937,86",,,
101,Soraya Thronicke,PODEMOS,Feminino,MS,Reuni�es das Comiss�es Permanentes e da LXVI Sess�o Ordin�ria do Parlamento do Mercosul,Miss�o Oficial,Senador(a),Internacional,CGR/CWB/POA/MVD,25/08/2019,25/08/2019,"2.587,20",Econ�mica,,,"206,94",,,
102,Soraya Thronicke,PODEMOS,Feminino,MS,Reuni�es das Comiss�es Permanentes e da LXVI Sess�o Ordin�ria do Parlamento do Mercosul,Miss�o Oficial,Senador(a),Internacional,MVD/GRU/BSB,27/08/2019,27/08/2019,"2.951,03",Econ�mica,,,"1.946,29",,,
103,Soraya Thronicke,PODEMOS,Feminino,MS,Reuni�es das Comiss�es Permanentes e da LXVI Sess�o Ordin�ria do Parlamento do Mercosul,Miss�o Oficial,Senador(a),Seguro Viagem,CGR/CWB/POA/MVD/GRU/BSB,25/08/2019,27/08/2019,"95,95",Seguro Viagem,,"Conforme e-mail da AEROTUR, de acordo com a pol�tica de cancelamento, ap�s o in�cio da vig�ncia n�o tem como cancelar o seguro","95,95",,,
104,Jaques Wagner,PT,Masculino,BA,Participar das reuni�es do Grupo Brasileiro do Parlamento Latino-Americano (Parlatino),Miss�o Oficial,Senador(a),Internacional,GUA/LAX,30/08/2019,30/08/2019,"3.177,40",Executiva,,,"3.833,25",,,
105,Jaques Wagner,PT,Masculino,BA,Participar das reuni�es do Grupo Brasileiro do Parlamento Latino-Americano (Parlatino),Miss�o Oficial,Senador(a),Internacional,LAX/SAL/GUA,28/08/2019,28/08/2019,"2.680,17",Executiva,,,"2.796,19",,,
106,Wellington Fagundes,PL,Masculino,MT,Visita t�cnica ao Porto de Singapura e de reuni�es com autoridades daquele Pa�s para debater pol�ticas de regula��o da atividade portu�ria,Miss�o Oficial,Senador(a),Internacional,BSB/GRU/DOH/SIN/DOH/GRU/CGB,29/08/2019,07/09/2019,"42.945,00",Executiva,,,"45.647,92",,,
107,Wellington Fagundes,PL,Masculino,MT,Visita t�cnica ao Porto de Singapura e de reuni�es com autoridades daquele Pa�s para debater pol�ticas de regula��o da atividade portu�ria,Miss�o Oficial,Senador(a),Seguro Viagem,BSB/GRU/DOH/SIN/DOH/GRU/CGB,29/08/2019,07/09/2019,"197,13",Seguro Viagem,,,"197,13",,,
108,Nelsinho Trad,PSD,Masculino,MS,Participar das reuni�es do Grupo Brasileiro do Parlamento Latino-Americano (Parlatino),Miss�o Oficial,Senador(a),Internacional,BSB/PTY/BSB,04/09/2019,08/09/2019,"7.630,11",Econ�mica,,,"787,71",,,
109,Nelsinho Trad,PSD,Masculino,MS,Participar das reuni�es do Grupo Brasileiro do Parlamento Latino-Americano (Parlatino),Miss�o Oficial,Senador(a),Internacional,BSB/PTY/BSB,04/09/2019,08/09/2019,"130,73",Seguro Viagem,,,"130,73",,,
110,Jaques Wagner,PT,Masculino,BA,Reuni�es do Parlamento Latino-Americano,Miss�o Oficial,Senador(a),Internacional,BSB/PTY/HAV,18/09/2019,,"4.876,02",Executiva,,,"5.001,20",,,
111,Jaques Wagner,PT,Masculino,BA,Reuni�es do Parlamento Latino-Americano,Miss�o Oficial,Senador(a),Internacional,HAV/PTY/SSA,,21/09/2019,"4.009,54",Executiva,,,"4.116,83",,,
112,Jaques Wagner,PT,Masculino,BA,Reuni�es do Parlamento Latino-Americano,Miss�o Oficial,Senador(a),Seguro Viagem,BSB/PTY/HAV/PTY/SSA,18/09/2019,21/09/2019,"107,10",Seguro Viagem,,,"107,10",,,
113,Humberto Costa,PT,Masculino,PE,"Reuni�es das Comiss�es Permanentes e do Observat�rio da Democracia, bem como, da LXVII Sess�o Ordin�ria do Parlamento do Mercosul",Miss�o Oficial,Senador(a),Internacional,REC/GRU/MVDGRU,28/09/2019,01/10/2019,"3.418,33",Econ�mica,,,"0,01",,,
114,Humberto Costa,PT,Masculino,PE,"Reuni�es das Comiss�es Permanentes e do Observat�rio da Democracia, bem como, da LXVII Sess�o Ordin�ria do Parlamento do Mercosul",Miss�o Oficial,Senador(a),Internacional,GRU/BSB,01/10/2019,02/10/2019,"526,90",Econ�mica,,25/09/2019,"526,54",,,
115,Humberto Costa,PT,Masculino,PE,"Reuni�es das Comiss�es Permanentes e do Observat�rio da Democracia, bem como, da LXVII Sess�o Ordin�ria do Parlamento do Mercosul",Miss�o Oficial,Senador(a),Internacional,REC/GRU,28/09/2019,,"729,44",Econ�mica,,,"762,40",,,
116,Humberto Costa,PT,Masculino,PE,"Reuni�es das Comiss�es Permanentes e do Observat�rio da Democracia, bem como, da LXVII Sess�o Ordin�ria do Parlamento do Mercosul",Miss�o Oficial,Senador(a),Internacional,GRU/MVD/GRU,28/09/2019,01/10/2019,"1.220,72",Econ�mica,,,"1.558,63",,,
117,Humberto Costa,PT,Masculino,PE,"Reuni�es das Comiss�es Permanentes e do Observat�rio da Democracia, bem como, da LXVII Sess�o Ordin�ria do Parlamento do Mercosul",Miss�o Oficial,Senador(a),Internacional,GRU/BSB,,01/10/2019,"912,67",Econ�mica,,,"944,37",,,
118,Humberto Costa,PT,Masculino,PE,"Reuni�es das Comiss�es Permanentes e do Observat�rio da Democracia, bem como, da LXVII Sess�o Ordin�ria do Parlamento do Mercosul",Miss�o Oficial,Senador(a),Seguro Viagem,REC/GRU/MVDGRU/BSB,28/09/2019,02/10/2019,"109,20",Seguro Viagem,,,"109,20",,,
119,Rose de Freitas,MDB,Feminino,ES,Confer�ncia da ONU,Miss�o Oficial,Senador(a),Internacional,BSB/GRU/JFK/GRU/BSB,26/09/2019,08/10/2019,"38.983,72",Executiva,,,"39.435,17",,,
120,Rose de Freitas,MDB,Feminino,ES,Confer�ncia da ONU,Miss�o Oficial,Senador(a),Seguro Viagem,BSB/GRU/JFK/GRU/BSB,26/09/2019,08/10/2019,"364,88",Seguro Viagem,,,"364,88",,,
121,Nelsinho Trad,PSD,Masculino,MS,"Reuni�es das Comiss�es Permanentes e do Observat�rio da Democracia, bem como, da LXVII Sess�o Ordin�ria do Parlamento do Mercosul",Miss�o Oficial,Senador(a),Internacional,BSB/GRU/MVD/GRU/BSB,27/09/2019,01/10/2019,"2.886,06",Econ�mica,,,"3.286,80",,,
122,Nelsinho Trad,PSD,Masculino,MS,"Reuni�es das Comiss�es Permanentes e do Observat�rio da Democracia, bem como, da LXVII Sess�o Ordin�ria do Parlamento do Mercosul",Miss�o Oficial,Senador(a),Seguro Viagem,BSB/GRU/MVD/GRU/BSB,27/09/2019,01/10/2019,"109,72",Seguro Viagem,,,"109,72",,,
123,Rodrigo Cunha,PODEMOS,Masculino,AL,"Reuni�es das Comiss�es Permanentes e do Observat�rio da Democracia, bem como, da LXVII Sess�o Ordin�ria do Parlamento do Mercosul",Miss�o Oficial,Senador(a),Internacional,MCZ/GRU/MVD,30/09/2019,30/09/2019,"3.558,04",Econ�mica,,,"3.712,88",,,
124,Rodrigo Cunha,PODEMOS,Masculino,AL,"Reuni�es das Comiss�es Permanentes e do Observat�rio da Democracia, bem como, da LXVII Sess�o Ordin�ria do Parlamento do Mercosul",Miss�o Oficial,Senador(a),Internacional,MVD/GRU/BSB,01/10/2019,01/10/2019,"3.053,37",Econ�mica,,,"3.530,56",,,
125,Rodrigo Cunha,PODEMOS,Masculino,AL,"Reuni�es das Comiss�es Permanentes e do Observat�rio da Democracia, bem como, da LXVII Sess�o Ordin�ria do Parlamento do Mercosul",Miss�o Oficial,Senador(a),Seguro Viagem,MCZ/GRU/MVD/GRU/BSB,30/09/2019,01/10/2019,"108,67",Seguro Viagem,,,"108,67",,,
126,Randolfe Rodrigues,PT,Masculino,AP,XII Bienal Internacional do Livro de Pernambuco,Miss�o Oficial,Senador(a),Nacional,BSB/REC,03/10/2019,03/10/2019,"989,90",Econ�mica,,,"1.020,58",,,
127,Antonio Anastasia,PSD,Masculino,MG,141� Assembleia da Uni�o Interparlamentar e da Sess�o Ordin�ria do Grupo de Parlamentares da Am�rica Latina e do Caribe,Miss�o Oficial,Senador(a),Internacional,GRU/ZURICH/BEL/ZURICH/BSB,14/10/2019,19/10/2019,"20.289,81",Executiva,,,"20.720,50",,,
128,Antonio Anastasia,PSD,Masculino,MG,141� Assembleia da Uni�o Interparlamentar e da Sess�o Ordin�ria do Grupo de Parlamentares da Am�rica Latina e do Caribe,Miss�o Oficial,Senador(a),Seguro Viagem,GRU/ZURICH/BEL/ZURICH/BSB,14/10/2019,19/10/2019,"131,35",Seguro Viagem,,,"131,35",,,
129,Humberto Costa,PT,Masculino,PE,"Reuni�es das Comiss�es Permanentes, da Bancada Progressista, bem como da LXVIII Sess�o Plen�ria do Parlamento do Mercosul",Miss�o Oficial,Senador(a),Internacional,REC/GRU/MVD,12/10/2019,,"2.717,72",Econ�mica,,,"2.872,56",,,
130,Humberto Costa,PT,Masculino,PE,"Reuni�es das Comiss�es Permanentes, da Bancada Progressista, bem como da LXVIII Sess�o Plen�ria do Parlamento do Mercosul",Miss�o Oficial,Senador(a),Internacional,MVD/GRU/BSB,,15/10/2019,"2.535,05",Econ�mica,,,"2.968,83",,,
131,Humberto Costa,PT,Masculino,PE,"Reuni�es das Comiss�es Permanentes, da Bancada Progressista, bem como da LXVIII Sess�o Plen�ria do Parlamento do Mercosul",Miss�o Oficial,Senador(a),Seguro Viagem,REC/GRU/MVD/GRU/BSB,12/10/2019,15/10/2019,"107,36",Seguro Viagem,,,"107,36",,,
132,Rodrigo Cunha,PODEMOS,Masculino,AL,Participar como palestrante da Semana de Defesa do Consumidor,Miss�o Oficial,Senador(a),Internacional,MCZ/GRU/LIMA/GRU/MCZ,13/10/2019,19/10/2019,"7.650,20",Econ�mica,,,"8.022,78",,,
133,Rodrigo Cunha,PODEMOS,Masculino,AL,Participar como palestrante da Semana de Defesa do Consumidor,Miss�o Oficial,Senador(a),Seguro Viagem,MCZ/GRU/LIMA/GRU/MCZ,13/10/2019,19/10/2019,"150,31",Seguro Viagem,,,"150,31",,,
134,Humberto Costa,PT,Masculino,PE,Acompanhar e observar o processo eleitoral da Argentina,Miss�o Oficial,Senador(a),Internacional,BSB/GRU/EZE,24/10/2019,24/10/2019,"1.944,84",Econ�mica,,,"2.158,68",,,
135,Humberto Costa,PT,Masculino,PE,Acompanhar e observar o processo eleitoral da Argentina,Miss�o Oficial,Senador(a),Internacional,EZE/BSB,28/10/2019,28/10/2019,"2.104,19",Econ�mica,,,"2.533,41",,,
136,Humberto Costa,PT,Masculino,PE,Acompanhar e observar o processo eleitoral da Argentina,Miss�o Oficial,Senador(a),Seguro Viagem,BSB/GRU/EZE/GRU/BSB,24/10/2019,28/10/2019,"107,10",Seguro Viagem,,,"107,10",,,
137,Antonio Anastasia,PSD,Masculino,MG,Reuni�es das Comiss�es  do Parlatino,Miss�o Oficial,Senador(a),Internacional,GRU/PTY/CNF,07/11/2019,10/11/2019,"7.909,55",Executiva,,,"8.249,91",,,
138,Antonio Anastasia,PSD,Masculino,MG,Reuni�es das Comiss�es  do Parlatino,Miss�o Oficial,Senador(a),Seguro Viagem,GRU/PTY/CNF,07/11/2019,11/11/2019,"104,21",Seguro Viagem,,,"104,21",,,
139,Wellington Fagundes,PL,Masculino,MT,Representar o Senado Federal na solenidade de posse da nova Diretora da Academia Brasileira de Medicina Veterin�ria,Miss�o Oficial,Senador(a),Nacional,BSB/SDU,31/10/2019,31/10/2019,"1.434,90",Econ�mica,,,"1.465,58",,,
140,Wellington Fagundes,PL,Masculino,MT,Representar o Senado Federal na solenidade de posse da nova Diretora da Academia Brasileira de Medicina Veterin�ria,Miss�o Oficial,Senador(a),Nacional,SDU/CGH/CGB,03/11/2019,03/11/2019,"1.051,48",Econ�mica,,,"1.084,44",,,
141,Jaques Wagner,PT,Masculino,BA,Reuni�es das Comiss�es do Parlamento Latino-Americano e Caribenho � Parlatino,Miss�o Oficial,Senador(a),Internacional,BSB/PTY/BSB,06/11/2019,12/11/2019,"7.374,13",Executiva,,,"7.713,21",,,
142,Jaques Wagner,PT,Masculino,BA,Reuni�es das Comiss�es do Parlamento Latino-Americano e Caribenho � Parlatino,Miss�o Oficial,Senador(a),Internacional,PTY/SSA,,12/11/2019,,Executiva,,,"766,67",,,
143,Jaques Wagner,PT,Masculino,BA,Reuni�es das Comiss�es do Parlamento Latino-Americano e Caribenho � Parlatino,Miss�o Oficial,Senador(a),Seguro Viagem,BSB/PTY/BSB,06/11/2019,12/11/2019,"168,42",Seguro Viagem,,,"168,42",,,
144,Humberto Costa,PT,Masculino,PE,"Conven��o � Progressive Alliance Convention � Progress for Freedom, Justice and Solidarity�, e encontros bilaterais com representantes de v�rios pa�ses participantes",Miss�o Oficial,Senador(a),Internacional,BSB/LIS/BSB,13/11/2019,14/11/2019,"1.585,70",Econ�mica,,,"1.762,82",,,
145,Humberto Costa,PT,Masculino,PE,"Conven��o � Progressive Alliance Convention � Progress for Freedom, Justice and Solidarity�, e encontros bilaterais com representantes de v�rios pa�ses participantes",Miss�o Oficial,Senador(a),Internacional,ARN/MAD/GRU/REC,16/11/2019,17/11/2019,"3.118,71",Econ�mica,,,"4.234,90",,,
146,Humberto Costa,PT,Masculino,PE,"Conven��o � Progressive Alliance Convention � Progress for Freedom, Justice and Solidarity�, e encontros bilaterais com representantes de v�rios pa�ses participantes",Miss�o Oficial,Senador(a),Seguro Viagem,BSB/LIS/BSB/ARN/MAD/GRU/REC,13/11/2019,17/11/2019,"105,00",Seguro Viagem,,,"105,00",,,
147,Fabiano Contarato,PT,Masculino,ES,Comiss�o Tempor�ria Externa para acompanhar as a��es de enfretamento �s manchas de �leo no litoral brasileiro - CPI - CTEOLEO,CPI,Senador(a),Nacional,BSB/REC,07/11/2019,07/11/2019,"1.864,90",Econ�mica,,,"1.895,58",,,
148,Fabiano Contarato,PT,Masculino,ES,Comiss�o Tempor�ria Externa para acompanhar as a��es de enfretamento �s manchas de �leo no litoral brasileiro - CPI - CTEOLEO,CPI,Senador(a),Nacional,REC/NAT,08/11/2019,08/11/2019,"824,90",Econ�mica,,,"857,86",,,
149,Fabiano Contarato,PT,Masculino,ES,Comiss�o Tempor�ria Externa para acompanhar as a��es de enfretamento �s manchas de �leo no litoral brasileiro - CPI - CTEOLEO,CPI,Senador(a),Nacional,NAT/BSB,09/11/2019,09/11/2019,"1.412,90",Econ�mica,,,"1.436,05",,,
150,Randolfe Rodrigues,PT,Masculino,AP,Comiss�o Tempor�ria Externa para acompanhar as a��es de enfretamento �s manchas de �leo no litoral brasileiro - CPI - CTEOLEO,CPI,Senador(a),Nacional,BSB/REC,07/11/2019,07/11/2019,"1.864,90",Econ�mica,,,"1.895,58",,,
151,Randolfe Rodrigues,PT,Masculino,AP,Comiss�o Tempor�ria Externa para acompanhar as a��es de enfretamento �s manchas de �leo no litoral brasileiro - CPI - CTEOLEO,CPI,Senador(a),Nacional,REC/BEL/MCP,09/11/2019,09/11/2019,"1.395,90",Econ�mica,,,"1.428,86",,,
152,Antonio Anastasia,PSD,Masculino,MG,Reuni�es das Comiss�es Permanentes da Assembleia Parlamentar Euro-Latino-Americana - EUROLAT,Miss�o Oficial,Senador(a),Internacional,BSB/PTY/BSB/CNF,11/12/2019,15/12/2019,"10.626,95",Executiva,,,"10.976,11",,,
153,Antonio Anastasia,PSD,Masculino,MG,Reuni�es das Comiss�es Permanentes da Assembleia Parlamentar Euro-Latino-Americana - EUROLAT,Miss�o Oficial,Senador(a),Internacional,BSB/PTY/CNF,12/12/2019,14/12/2019,"3.777,53",Executiva,,,"4.574,13",,,
154,Antonio Anastasia,PSD,Masculino,MG,Reuni�es das Comiss�es Permanentes da Assembleia Parlamentar Euro-Latino-Americana - EUROLAT,Miss�o Oficial,Senador(a),Seguro Viagem,BSB/PTY/BSB/CNF,11/12/2019,15/12/2019,"110,25",Seguro Viagem,,,"110,25",,,
155,Fabiano Contarato,PT,Masculino,ES,25� Confer�ncia das Partes da Conven��o � Quadro das Na��es Unidas sobre Mudan�as Clim�ticas � COP 25,Miss�o Oficial,Senador(a),Internacional,MAD/LIS/GRU/VIX,14/12/2019,15/12/2019,"2.944,47",Econ�mica,,,"3.781,71",,,
156,Fabiano Contarato,PT,Masculino,ES,25� Confer�ncia das Partes da Conven��o � Quadro das Na��es Unidas sobre Mudan�as Clim�ticas � COP 26,Miss�o Oficial,Senador(a),Seguro Viagem,MAD/LIS/GRU/VIX,07/12/2019,15/12/2019,"200,81",Seguro Viagem,,,"200,81",,,
157,Jaques Wagner,PT,Masculino,BA,25� Confer�ncia das Partes da Conven��o � Quadro das Na��es Unidas sobre Mudan�as Clim�ticas � COP 25,Miss�o Oficial,Senador(a),Seguro Viagem,SSA/REC/MAD/LIB/CNF/BSB,09/12/2019,13/12/2019,"111,82",Seguro Viagem,,,"111,82",,,
158,Jaques Wagner,PT,Masculino,BA,25� Confer�ncia das Partes da Conven��o � Quadro das Na��es Unidas sobre Mudan�as Clim�ticas � COP 26,Miss�o Oficial,Senador(a),Internacional,SSA/REC/MAD,09/12/2019,,"6.028,18",Executiva,,,"6.184,47",,,
159,Jaques Wagner,PT,Masculino,BA,25� Confer�ncia das Partes da Conven��o � Quadro das Na��es Unidas sobre Mudan�as Clim�ticas � COP 26,Miss�o Oficial,Senador(a),Internacional,MAD/LIB/CNF/BSB,,13/12/2019,"6.658,04",Executiva,,,"8.212,30",,,
160,Randolfe Rodrigues,PT,Masculino,AP,25� Confer�ncia das Partes da Conven��o-Quadro das Na��es Unidas sobre Mudan�as Clim�ticas � COP 25,Miss�o Oficial,Senador(a),Internacional,MAD/GIG,,13/12/2019,"3.333,71",Econ�mica,,,"3.453,84",,,
161,Randolfe Rodrigues,PT,Masculino,AP,25� Confer�ncia das Partes da Conven��o-Quadro das Na��es Unidas sobre Mudan�as Clim�ticas � COP 25,Miss�o Oficial,Senador(a),Seguro Viagem,BSB/MAD/BSB,06/12/2019,13/12/2019,"178,08",Seguro Viagem,,,"178,08",,,
162,Nelsinho Trad,PSD,Masculino,MS,"Reuni�es das Comiss�es Permanentes, Mesa Diretora, LXX Sess�o Plen�ria do Parlamento do Mercosul e �Foro de LA Cadena L�ctea del Mercosul�",Miss�o Oficial,Senador(a),Internacional,BSB/GRU/MVD/GRU/BSB,07/12/2019,10/12/2019,"1.503,85",Econ�mica,,,"1.908,61",,,
163,Nelsinho Trad,PSD,Masculino,MS,"Reuni�es das Comiss�es Permanentes, Mesa Diretora, LXX Sess�o Plen�ria do Parlamento do Mercosul e �Foro de LA Cadena L�ctea del Mercosul�",Miss�o Oficial,Senador(a),Seguro Viagem,BSB/GRU/MVD/GRU/BSB,07/12/2019,10/12/2019,"110,77",Seguro Viagem,,,"110,77",,,
164,Humberto Costa,PT,Masculino,PE,"Reuni�es das Comiss�es Permanentes, Mesa Diretora, LXX Sess�o Plen�ria do Parlamento do Mercosul e �Foro de LA Cadena L�ctea del Mercosul�",Miss�o Oficial,Senador(a),Nacional,REC/BSB,07/12/2019,,"367,90",Econ�mica,,,"400,86",,,
165,Humberto Costa,PT,Masculino,PE,"Reuni�es das Comiss�es Permanentes, Mesa Diretora, LXX Sess�o Plen�ria do Parlamento do Mercosul e �Foro de LA Cadena L�ctea del Mercosul�",Miss�o Oficial,Senador(a),Internacional,GRU/MVD/GRU,07/12/2019,10/12/2019,"1.453,06",Econ�mica,,,"1.793,58",,,
166,Humberto Costa,PT,Masculino,PE,"Reuni�es das Comiss�es Permanentes, Mesa Diretora, LXX Sess�o Plen�ria do Parlamento do Mercosul e �Foro de LA Cadena L�ctea del Mercosul�",Miss�o Oficial,Senador(a),Nacional,GRU/BSB,,10/12/2019,"529,90",Econ�mica,,,"561,60",,,
167,Humberto Costa,PT,Masculino,PE,"Reuni�es das Comiss�es Permanentes, Mesa Diretora, LXX Sess�o Plen�ria do Parlamento do Mercosul e �Foro de LA Cadena L�ctea del Mercosul�",Miss�o Oficial,Senador(a),Seguro Viagem,GRU/MVD/GRU,07/12/2019,10/12/2019,"110,77",Seguro Viagem,,,"110,77",,,
168,Eliziane Gama,PSD,Feminino,MA,25� Confer�ncia das Partes da Conven��o-Quadro das Na��es Unidas sobre Mudan�as Clim�ticas � COP 25,Miss�o Oficial,Senador(a),Nacional,BSB/MAD/BSB,06/12/2019,09/12/2019,"110,25",Seguro Viagem,,,"110,25",,,
169,Rodrigo Pacheco,PSD,Masculino,MG,"Reuni�es das Comiss�es Permanentes, da Mesa Diretora, bem como da LXX Sess�o Plen�ria do Parlamento do Mercosul e � Foro de La Cadena L�ctea del Mercosul �",Miss�o Oficial,Senador(a),Internacional,GRU/MVD/GRU,08/12/2019,10/12/2019,"1.442,26",Econ�mica,,09/12/2019,"1.510,15",,,
170,Rodrigo Pacheco,PSD,Masculino,MG,"Reuni�es das Comiss�es Permanentes, da Mesa Diretora, bem como da LXX Sess�o Plen�ria do Parlamento do Mercosul e � Foro de La Cadena L�ctea del Mercosul �",Miss�o Oficial,Senador(a),Seguro Viagem,GRU/MVD/GRU,08/12/2019,10/12/2019,"109,99",Seguro Viagem,,,"109,99",,,
0,Nelsinho Trad,PSD,Masculino,MS,Comiss�o Permanente e XXXVI Assembleia Ordin�ria do Parlatino,,Senador(a),Internacional,BSB/PTY/GRU,10/02/2022,12/02/2022,"11.196,39",,,,"11.541,02",Daniella Ribeiro,,
1,Nelsinho Trad,PSD,Masculino,MS,Comiss�o Permanente e XXXVI Assembleia Ordin�ria do Parlatino,,Senador(a),Seguro Viagem,BSB/PTY/GRU,10/02/2022,12/02/2022,"214,54",,,,"214,54",Daniella Ribeiro,,
2,Humberto Costa,PT,Masculino,PE,"Foro Parlamentario de Inteligencia y Seguridad, cidade da Guatemala",,Senador(a),Internacional,REC/GRU/PTY/GUA,04/03/2022,05/03/2022,"5.858,91",,,,"5.973,64",Daniella Ribeiro,,
3,Humberto Costa,PT,Masculino,PE,"Foro Parlamentario de Inteligencia y Seguridad, cidade da Guatemala",,Senador(a),Internacional,GUA/PTY/GRU/REC,07/03/2022,08/03/2022,"4.795,06",,,,"5.577,92",Daniella Ribeiro,,
4,Soraya Thronicke,PODEMOS,Feminino,MS,"Foro Parlamentario de Inteligencia y Seguridad, cidade da Guatemala",,Senador(a),Seguro Viagem,AMERICA CENTRAL,04/03/2022,08/03/2022,"240,99",,,,"240,99",Daniella Ribeiro,,
5,Soraya Thronicke,PODEMOS,Feminino,MS,Miss�o internacional � sede da HDT Bio Corp e � Universidade de Washington,,Senador(a),Seguro Viagem,EUA,12/02/2022,22/02/2022,"978,36",,,,"978,36",Jaques Wagner,,
6,Eliziane Gama,PSD,Feminino,MA,GSMA MobileWord Congress-2023 e Ecossistema Inovador de Israel,,Senador(a),Seguro Viagem,EUROPA,26/02/2022,08/03/2022,"694,32",,,,"694,32",Soraya Thronicke,,
7,Eliziane Gama,PSD,Feminino,MA,GSMA MobileWord Congress-2023 e Ecossistema Inovador de Israel,,Senador(a),Seguro Viagem,EUROPA,26/02/2022,08/03/2022,"192,45",,,,"192,45",Soraya Thronicke,,
8,Nelsinho Trad,PSD,Masculino,MS,GSMA MobileWord Congress-2023 e Ecossistema Inovador de Israel,,Senador(a),Internacional,BSB/GRU/MAD/BCN,26/02/2022,,"7.551,76",,,,"7.725,13",Soraya Thronicke,,
9,Nelsinho Trad,PSD,Masculino,MS,GSMA MobileWord Congress-2023 e Ecossistema Inovador de Israel,,Senador(a),Internacional,BCN/TLV,03/03/2022,,"1.173,91",,,,"1.300,08",Soraya Thronicke,,
10,Nelsinho Trad,PSD,Masculino,MS,GSMA MobileWord Congress-2023 e Ecossistema Inovador de Israel,,Senador(a),Internacional,TLV/MAD/GRU,,07/03/2022,"3.167,20",,,,"4.762,19",Soraya Thronicke,,
11,Nelsinho Trad,PSD,Masculino,MS,GSMA MobileWord Congress-2023 e Ecossistema Inovador de Israel,,Senador(a),Nacional,GRU/BSB,08/03/2022,,"442,37",,,,"477,71",Soraya Thronicke,,
12,Nelsinho Trad,PSD,Masculino,MS,Segunda Asemblea Nacional del Movimiento de Regeneracion Nacional � MORENA,,Senador(a),Internacional,MEX/PTY/GRU,04/03/2022,,"1.499,39",,,,"1.899,67",Humberto Costa,,
13,,,,,Segunda Asemblea Nacional del Movimiento de Regeneracion Nacional � MORENA,,Senador(a),Seguro Viagem,M�XICO,28/02/2022,05/03/2022,"676,35",,,,"676,35",Humberto Costa,,
14,,,,,Representante do Senado Federal em visita t�cnica nos Portos de Portugal,,Senador(a),Seguro Viagem,GRU/OPO/LIS/BSB,05/03/2022,14/03/2022,"481,05",,,,"384,84",Wellington Fagundes,,
15,,,,,Representante do Senado Federal em visita t�cnica nos Portos de Portugal,,Senador(a),Nacional,CGB/GRU,05/03/2022,05/03/2022,"2.069,90",,,,"2.108,02",Wellington Fagundes,,
16,,,,,Representante do Senado Federal em visita t�cnica nos Portos de Portugal,,Senador(a),Internacional,GRU/OPO/LIS/BSB,05/03/2022,14/03/2022,"17.484,86",,,,"8.257,26",Wellington Fagundes,,
17,,,,,2022 International Partnering Forum,,Senador(a),Internacional,GRU/JFK/GRU,24/04/2022,03/05/2022,"5.325,18",,,,"5.719,69",Carlos Portinho,,
18,,,,,2022 International Partnering Forum,,Senador(a),Seguro Viagem,GRU/JFK/GRU,24/04/2022,04/05/2022,"910,68",,,,"514,07",Carlos Portinho,,
19,,,,,Reuni�es da Bancada Progressista e da LXXX Sess�o Ordin�ria do Parlasul,,Senador(a),Internacional,GRU/MVD,02/04/2022,02/04/2022,"946,47",,,,"1.008,95",Humberto Costa,,
20,,,,,Reuni�es da Bancada Progressista e da LXXX Sess�o Ordin�ria do Parlasul,,Senador(a),Internacional,MVD/GRU,05/04/2022,05/04/2022,"3.039,55",,,,"3.540,09",Humberto Costa,,
21,,,,,Reuni�es da Bancada Progressista e da LXXX Sess�o Ordin�ria do Parlasul,,Senador(a),Seguro Viagem,AMERICA CENTRAL,02/04/2022,05/04/2022,"212,83",,,,"212,83",Humberto Costa,,
22,,,,,LXXX Sess�o Plen�ria do Parlamento do Mercosul,,Senador(a),Internacional,VIX/VCP/POA/MVD,01/04/2022,01/04/2022,"1.340,17",,,,"1.448,81",Fabiano Contarato,,
23,,,,,LXXX Sess�o Plen�ria do Parlamento do Mercosul,,Senador(a),Internacional,MVD/POA/VCP/BSB,05/04/2022,05/04/2022,"2.203,16",,,,"2.686,55",Fabiano Contarato,,
24,,,,,LXXX Sess�o Plen�ria do Parlamento do Mercosul,,Senador(a),Seguro Viagem,VIX/VCP/POA/MVD/POA/VCP/BSB,01/04/2022,05/04/2022,"272,53",,,,"272,53",Fabiano Contarato,,
25,,,,,8� Brazil Conference - Boston/EUA,,Senador(a),Internacional,GRU/ORD/BOS/IAD/IAH/GRU,04/04/2022,11/04/2022,"11.590,86",,,,"12.019,18",Daniella Ribeiro,,
26,,,,,8� Brazil Conference - Boston/EUA,,Senador(a),Seguro Viagem,GRU/ORD/BOS/IAD/IAH/GRU,04/04/2022,12/04/2022,"731,71",,,,"731,71",Daniella Ribeiro,,
27,,,,,F�rum Internacional de Log�stica Multimodal Sustent�vel - FILMS,,Senador(a),Nacional,BSB/VCP/IGU,13/05/2022,,"1.226,90",,,,"1.260,74",Nelsinho Trad,,
28,,,,,XIV Sess�o Especial e a LXXXI Sess�o Plen�ria do Parlamento do Mercosul,,Senador(a),Internacional,IGU/GRU/MVD/GRU/BSB,14/05/2022,17/05/2022,"2.129,24",,,,"1.276,69",Nelsinho Trad,"1.148,26",
29,,,,,Reuni�o de Mesa do Parlamento do Mercosul,,Senador(a),Internacional,BSB/AEP/BSB,08/05/2022,11/05/2022,"1.715,57",,,,"2.126,21",Nelsinho Trad,,
30,,,,,Reuni�o de Mesa do Parlamento do Mercosul,,Senador(a),Seguro Viagem,ARGENTINA,08/05/2022,11/05/2022,"145,9",,,,"145,9",Nelsinho Trad,,
31,,,,,XIV Sess�o Especial e a LXXXI Sess�o Plen�ria do Parlamento do Mercosul,,Senador(a),Internacional,VIX/VCP/POA/MVD,15/05/2022,,"733,91",,,,"715,06",Fabiano Contarato,"132,74",
32,,,,,XIV Sess�o Especial e a LXXXI Sess�o Plen�ria do Parlamento do Mercosul,,Senador(a),Internacional,MVD/POA/VCP/BSB,,17/05/2022,"673,14",,,,"672,87",Fabiano Contarato,"347,53",
33,,,,,8a Brazil Conference - Boston/EUA,,Senador(a),Seguro Viagem,EUA,07/04/2022,14/04/2022,"1.087,34",,,,"1.087,34",Jaques Wagner,,
34,,,,,"Confer�ncia Internacional ""Rep�blia Checa e Iberoam�rica promoviendo - desarrollo, prosperidad y democracia""",,Senador(a),Internacional,CGR/GRU/FRA/PRG/BCN/GRU/BSB,08/05/2022,16/05/2022,"13.700,07",,,,"14.206,32",Soraya Thronicke,,
35,,,,,"Confer�ncia Internacional ""Rep�blia Checa e Iberoam�rica promoviendo - desarrollo, prosperidad y democracia""",,Senador(a),Seguro Viagem,EUROPA,08/05/2022,16/05/2022,"487,64",,,,"487,64",Soraya Thronicke,,
36,,,,,F�rum Internacional de Log�stica Multimodal Sustent�vel - FILMS,,Senador(a),Nacional,IGU/GRU/BSB,14/05/2022,,"1.567,90",,,,"1.606,13",Nelsinho Trad,,
37,,,,,Participar como observador internacional das elei��es da Rep�blica da Col�mbia,,Senador(a),Internacional,GRU/BOG/LIM/GRU,26/05/2022,30/05/2022,"6.606,90",,,,"6.955,23",Humberto Costa,,
38,,,,,Participar como observador internacional das elei��es da Rep�blica da Col�mbia,,Senador(a),Nacional,GRU/BSB,,31/05/2022,"1.936,90",,,,"1.971,65",Humberto Costa,,
39,,,,,Participar como observador internacional das elei��es da Rep�blica da Col�mbia,,Senador(a),Nacional,CGH/BSB,,31/05/2022,"1.558,55",,,,"1.557,93",Humberto Costa,,
40,,,,,Participar como observador internacional das elei��es da Rep�blica da Col�mbia,,Senador(a),Seguro Viagem,GRU/BOG/LIM/GRU,26/05/2022,31/05/2022,"232,38",,,,"232,38",Humberto Costa,,
41,,,,,LXXXI Sess�o Plen�ria do Parlamento doMercosul e do Semin�rio sobre Desafios da prote��o ao consumidor no com�rcio internacional,,Senador(a),Internacional,BSB/GRU/MVD/GRU/BSB,03/06/2022,07/06/2022,"2.587,81",,,,"2.892,32",Nelsinho Trad,,
42,,,,,LXXXI Sess�o Plen�ria do Parlamento doMercosul e do Semin�rio sobre Desafios da prote��o ao consumidor no com�rcio internacional,,Senador(a),Seguro Viagem,BSB/GRU/MVD/GRU/BSB,03/06/2022,07/06/2022,"190,54",,,,"114,33",Nelsinho Trad,,
43,,,,,XXXV Encontro da Associa��o Brasileira das Escolas do Legislativo e de Contas (ABEL),,Senador(a),Internacional,VIX/GRU/MVD/GRU/VIX,05/06/2022,08/06/2022,"3.716,80",,,,"4.124,08",Fabiano Contarato,,
44,,,,,XXXV Encontro da Associa��o Brasileira das Escolas do Legislativo e de Contas (ABEL),,Senador(a),Seguro Viagem,VIX/GRU/MVD/GRU/VIX,05/06/2022,08/06/2022,"152,45",,,,"152,45",Fabiano Contarato,,
45,,,,,II Congresso Internacional de Direito Desportivo do GEDD-FND/UFRJ,,Senador(a),Internacional,GIG/MAS/LIS/MAS/GIG,15/06/2022,21/06/2022,"9.116,38",,,,"9.615,25",Carlos Portinho,,
46,,,,,II Congresso Internacional de Direito Desportivo do GEDD-FND/UFRJ,,Senador(a),Seguro Viagem,EUROPA,15/06/2022,21/06/2022,"266,77",,,,"228,66",Carlos Portinho,,
47,,,,,"LXXXI Sess�o Plen�ria do Parlamento do Mercosul, e do Semin�rio sobre Desafios da Prote��o ao Consumidor no Com�rcio Internacional",,Senador(a),Internacional,BSB/GRU/MVD,03/06/2022,,"1.352,83",,,,"1.386,62",Lucas Barreto,,
48,,,,,"LXXXI Sess�o Plen�ria do Parlamento do Mercosul, e do Semin�rio sobre Desafios da Prote��o ao Consumidor no Com�rcio Internacional",,Senador(a),Internacional,MVD/GRU/BSB,07/06/2022,,"1.463,17",,,,"1.836,77",Lucas Barreto,,
49,,,,,"LXXXI Sess�o Plen�ria do Parlamento do Mercosul, e do Semin�rio sobre Desafios da Prote��o ao Consumidor no Com�rcio Internacional",,Senador(a),Seguro Viagem,AMERICA DO SUL,03/06/2022,07/06/2022,"187,42",,,,"112,45",Lucas Barreto,,
50,,,,,Participar da Bancada Progressista e da LXXXI Sess�o Plen�ria do Parlamento do Mercosul,,Senador(a),Internacional,GRU/MVD/GRU,04/06/2022,07/06/2022,"5.956,29",,,,"6.280,08",Humberto Costa,,
51,,,,,Participar da Bancada Progressista e da LXXXI Sess�o Plen�ria do Parlamento do Mercosul,,Senador(a),Nacional,CGH/REC,08/06/2022,,"1.116,19",,,,"1.155,67",Humberto Costa,,
52,,,,,Participar da Bancada Progressista e da LXXXI Sess�o Plen�ria do Parlamento do Mercosul,,Senador(a),Seguro Viagem,GRU/MVD/GRU/REC,04/06/2022,08/06/2022,"149,33",,,,,Humberto Costa,"149,33",
53,,,,,Encontros Bilaterais com membros da Assembleia Nacional da Rep�blica Bolivariana da Venezuela,,Senador(a),Internacional,BSB/PTY/CCS/PTY/BSB,12/06/2022,19/06/2022,"16.714,94",,,,"16.629,82",Chico Rodrigues,"941,13",
54,,,,,Encontros Bilaterais com membros da Assembleia Nacional da Rep�blica Bolivariana da Venezuela,,Senador(a),Internacional,CCS/PTY/BSB,,21/06/2022,"4.851,30",,,,"4.849,36",Chico Rodrigues,,
55,,,,,Encontros Bilaterais com membros da Assembleia Nacional da Rep�blica Bolivariana da Venezuela,,Senador(a),Internacional,CCS/PTY/BSB,,22/06/2022,"4.714,82",,,,"5.489,44",Chico Rodrigues,,
56,,,,,Encontros Bilaterais com membros da Assembleia Nacional da Rep�blica Bolivariana da Venezuela,,Senador(a),Seguro Viagem,BSB/PTY/CCS/PTY/BSB,12/06/2022,19/06/2022,"781,55",,,,"781,24",Chico Rodrigues,,
57,,,,,"Reuni�es Bilaterais com o Governo Brit�nico sobre os temas mudan�as clim�ticas, geopol�ticas, finan�as verdes e direitos humanos",,Senador(a),Internacional,BSB/GRU/ZRH/LHR,24/06/2022,,"8.112,66",,,,"8.399,98",Humberto Costa,,
58,,,,,"Reuni�es Bilaterais com o Governo Brit�nico sobre os temas mudan�as clim�ticas, geopol�ticas, finan�as verdes e direitos humanos",,Senador(a),Internacional,LHR/GRU,,30/06/2022,"5.888,33",,,,"6.806,37",Humberto Costa,,
59,,,,,"Reuni�es Bilaterais com o Governo Brit�nico sobre os temas mudan�as clim�ticas, geopol�ticas, finan�as verdes e direitos humanos",,Senador(a),Seguro Viagem,EUROPA,24/06/2022,01/07/2022,"346,47",,,,"346,47",Humberto Costa,,
60,,,,,"F�rum Pol�tico de Alto N�vel das Na��es Unidas sobre Desenvolvimento Sustent�vel, a ser realizado na cidade de Nova York/Estado Unidos",,Senador(a),Seguro Viagem,AMERICA DO NORTE,10/07/2022,18/07/2022,"1.111,49",,,,"987,97",Eliane Nogueira,,
61,,,,,LXXXIII Sess�o Plen�ria do Parlamento do Mercosul,,Senador(a),Internacional,GRU/MVD/GRU/BSB,07/08/2022,09/08/2022,"4.824,73",,,,"5.547,39",Nelsinho Trad,,
62,,,,,LXXXIII Sess�o Plen�ria do Parlamento do Mercosul,,Senador(a),Seguro Viagem,GRU/MVD/GRU/BSB,07/08/2022,09/08/2022,"131,96",,,,"131,96",Nelsinho Trad,,
63,,,,,LXXXIII Sess�o Plen�ria do Parlamento do Mercosul,,Senador(a),Internacional,VIX/CGH/GRU/MVD,07/08/2022,08/08/2022,"2.341,07",,,,"2.444,48",Fabiano Contarato,,
64,,,,,LXXXIII Sess�o Plen�ria do Parlamento do Mercosul,,Senador(a),Internacional,VIX/GRU/MVD,07/08/2022,,"2.730,49",,,,"2.729,40",Fabiano Contarato,,
65,,,,,LXXXIII Sess�o Plen�ria do Parlamento do Mercosul,,Senador(a),Internacional,MVD/GRU/BSB,09/08/2022,09/08/2022,"3.243,94",,,,"3.785,63",Fabiano Contarato,,
66,,,,,LXXXIII Sess�o Plen�ria do Parlamento do Mercosul,,Senador(a),Seguro Viagem,VIX/CGH/GRU/MVD/GRU/BSB,07/08/2022,09/08/2022,"133,21",,,,"133,21",Fabiano Contarato,,
67,,,,,LXXXIII Sess�o Plen�ria do Parlamento do Mercosul,,Senador(a),Nacional,GRU/VIX,09/08/2022,,"2.427,78",,,,"2.462,33",Fabiano Contarato,,
68,,,,,LXXXIII Sess�o Plen�ria do Parlamento do Mercosul,,Senador(a),Internacional,GRU/MVD,06/08/2022,06/08/2022,"1.606,50",,,,"1.668,72",Humberto Costa,,
69,,,,,LXXXIII Sess�o Plen�ria do Parlamento do Mercosul,,Senador(a),Internacional,MVD/GRU,09/08/2022,09/08/2022,"2.480,39",,,,"2.953,90",Humberto Costa,,
70,,,,,LXXXIII Sess�o Plen�ria do Parlamento do Mercosul,,Senador(a),Seguro Viagem,GRU/MVD/GRU,06/08/2022,09/08/2022,"177,64",,,,"177,64",Humberto Costa,,
71,,,,,LXXXIII Sess�o Plen�ria do Parlamento do Mercosul,,Senador(a),Nacional,GRU/REC,09/08/2022,09/08/2022,"1.596,21",,,,"1.631,09",Humberto Costa,,
72,,,,,27� Confer�ncia das Na��es Unidas sobre Mudan�as Clim�ticas (COP 27) - (Sharm El-Sheikh - Egito),,Senador(a),Internacional,VIX/GRU/IST/CAI/SSH/CAI/IST/GRU/VIX,09/11/2022,21/11/2022,"31.438,03",,,,"35.957,96",Fabiano Contarato,,
73,,,,,27� Confer�ncia das Na��es Unidas sobre Mudan�as Clim�ticas (COP 27) - (Sharm El-Sheikh - Egito),,Senador(a),Internacional,VIX/GRU/IST/CAI,04/11/2022,06/11/2022,"9.429,51",,,,"10.102,62",Fabiano Contarato,,
74,,,,,27� Confer�ncia das Na��es Unidas sobre Mudan�as Clim�ticas (COP 27) - (Sharm El-Sheikh - Egito),,Senador(a),Seguro Viagem,VIX/GRU/IST/CAI/SSH/CAI/IST/GRU/VIX,09/11/2022,21/11/2022,"840,84",,,,"840,5",Fabiano Contarato,,
75,,,,,27� Confer�ncia das Na��es Unidas sobre Mudan�as Clim�ticas (COP 27) - (Sharm El-Sheikh - Egito),,Senador(a),Seguro Viagem,VIX/GRU/IST/CAI/SSH/CAI/IST/GRU/VIX,04/11/2022,08/11/2022,"394,5",,,,"394,5",Fabiano Contarato,,
76,,,,,Reuni�o da Mesa Diretora do Parlamento do Mercosul - Buenos Aires/Argentina,,Senador(a),Internacional,BSB/AEP/GIG/BSB,16/10/2022,19/10/2022,"3.530,14",,,,"4.027,84",Nelsinho Trad,,
77,,,,,Reuni�o da Mesa Diretora do Parlamento do Mercosul - Buenos Aires/Argentina,,Senador(a),Seguro Viagem,BSB/AEP/GIG/BSB,16/10/2022,19/10/2022,"174,94",,,,"174,94",Nelsinho Trad,,
78,,,,,27� Confer�ncia das Na��es Unidas sobre Mudan�as Clim�ticas (COP 27) - (Sharm El-Sheikh - Egito),,Senador(a),Seguro Viagem,EGITO,08/11/2022,13/11/2022,"747,36",,,,"747,06",Jaques Wagner,,
79,,,,,"Assembleia Ordin�ria do Parlamento Amaz�nico (Parlamaz), Miss�o Parlamentar de Campo, cidade de Bogot�, na Col�mbia e tamb�m miss�o oficial na
cidade de Washington/EUA, para participar do Legislator�s Forum on Innovations in Democracy",,Senador(a),Internacional,BSB/PTY/BOG/PTY/IAD/PTY/BSB,07/11/2022,18/11/2022,"29.967,64",,,,"31.093,23",Nelsinho Trad,,
80,,,,,"Assembleia Ordin�ria do Parlamento Amaz�nico (Parlamaz), Miss�o Parlamentar de Campo, cidade de Bogot�, na Col�mbia e tamb�m miss�o oficial na cidade de Washington/EUA, para participar do Legislator�s Forum on Innovations in Democracy",,Senador(a),Seguro Viagem,BSB/PTY/BOG/PTY/IAD/PTY/BSB,07/11/2022,18/11/2022,"854,96",,,,"854,96",Nelsinho Trad,,
81,,,,,"Workshop �Legislator�s Forum on Innovations in Democracy�, bem como de encontro parlamentar para interc�mbio de pr�ticas democr�ticas",,Senador(a),Nacional,REC/GIG,13/11/2022,13/11/2022,"1.159,75",,,,"1.207,08",Humberto Costa,,
82,,,,,"Workshop �Legislator�s Forum on Innovations in Democracy�, bem como de encontro parlamentar para interc�mbio de pr�ticas democr�ticas",,Senador(a),Internacional,GIG/IAH/IAD,13/11/2022,14/11/2022,"2.316,56",,,,"2.601,53",Humberto Costa,,
83,,,,,"Workshop �Legislator�s Forum on Innovations in Democracy�, bem como de encontro parlamentar para interc�mbio de pr�ticas democr�ticas",,Senador(a),Internacional,IAD/PTY/BSB,17/11/2022,18/11/2022,"3.374,12",,,,"3.589,55",Humberto Costa,,
84,,,,,"Workshop �Legislator�s Forum on Innovations in Democracy�, bem como de encontro parlamentar para interc�mbio de pr�ticas democr�ticas",,Senador(a),Seguro Viagem,REC/GIG/IAH/IAD/PTY/BSB,13/11/2022,18/11/2022,"412,85",,,,"412,85",Humberto Costa,,
85,,,,,"LXXXIII Sess�o Plen�ria do Parlamento do Mercosul; e, reuni�o de Mesa Diretora",,Senador(a),Nacional,BSB/GRU,09/11/2022,09/11/2022,"2.622,82",,,,"2.660,33",Rodrigo Cunha,,
86,,,,,"LXXXIII Sess�o Plen�ria do Parlamento do Mercosul; e, reuni�o de Mesa Diretora",,Senador(a),Internacional,GRU/MVD,09/11/2022,09/11/2022,"2.666,42",,,,"2.736,61",Rodrigo Cunha,,
87,,,,,"LXXXIII Sess�o Plen�ria do Parlamento do Mercosul; e, reuni�o de Mesa Diretora",,Senador(a),Internacional,MVD/AEP/GIG/MCZ,13/11/2022,14/11/2022,"2.292,25",,,,"2.643,32",Rodrigo Cunha,,
88,,,,,"LXXXIII Sess�o Plen�ria do Parlamento do Mercosul; e, reuni�o de Mesa Diretora",,Senador(a),Internacional,AEP/GRU,15/11/2022,15/11/2022,"1.000,24",,,,"999,84",Rodrigo Cunha,,
89,,,,,"LXXXIII Sess�o Plen�ria do Parlamento do Mercosul; e, reuni�o de Mesa Diretora",,Senador(a),Seguro Viagem,BSB/GRU/MVD/AEP/GIG/MCZ,09/11/2022,14/11/2022,"231,6",,,,"231,6",Rodrigo Cunha,,
90,,,,,"LXXXIII Sess�o Plen�ria do Parlamento do Mercosul; e, reuni�o de Mesa Diretora",,Senador(a),Seguro Viagem,BSB/GRU/MVD/AEP/GIG/MCZ,14/11/2022,16/11/2022,"111,68",,,,,Rodrigo Cunha,,
91,,,,,27� Confer�ncia das Na��es Unidas sobre Mudan�as Clim�ticas (COP 27) - (Sharm El-Sheikh - Egito),,Senador(a),Internacional,AJU/GRU/DXB/CAI/SSH,10/11/2022,13/11/2022,"7.207,93",,,,"8.592,96",Alessandro Vieira,,
92,,,,,27� Confer�ncia das Na��es Unidas sobre Mudan�as Clim�ticas (COP 27) - (Sharm El-Sheikh - Egito),,Senador(a),Internacional,SSH/CAI/DXB/GRU/AJU,19/11/2022,21/11/2022,"9.420,80",,,,"10.983,31",Alessandro Vieira,,
93,,,,,27� Confer�ncia das Na��es Unidas sobre Mudan�as Clim�ticas (COP 27) - (Sharm El-Sheikh - Egito),,Senador(a),Seguro Viagem,AJU/GRU/DXB/CAI/SSH/CAI/DXB/GRU/AJU,10/11/2022,21/11/2022,"740,16",,,,"740,16",Alessandro Vieira,,
94,,,,,Whashington Parliamentary Intelligence-Security Forum,,Senador(a),Internacional,CNF/PTY/IAD/PTY/CNF,04/12/2022,09/12/2022,"21.018,72",,,,"21.576,36",Carlos Viana,,
95,,,,,Whashington Parliamentary Intelligence-Security Forum,,Senador(a),Internacional,CNF/PTY/IAD/MCO/PTY/CNF,04/12/2022,09/12/2022,"339,52",,,,,Carlos Viana,,
96,,,,,Whashington Parliamentary Intelligence-Security Forum,,Senador(a),Seguro Viagem,CNF/PTY/IAD/PTY/CNF,04/12/2022,09/12/2022,"431,5",,,,"431,5",Carlos Viana,,
97,,,,,27� Confer�ncia das Na��es Unidas sobre Mudan�as Clim�ticas (COP 27) - (Sharm El-Sheikh - Egito),,Senador(a),Seguro Viagem,EGITO,09/11/2022,17/11/2022,"1.149,12",,,,"1.149,12",Eliane Nogueira,,
98,,,,,27� Confer�ncia das Na��es Unidas sobre Mudan�as Clim�ticas (COP 27) - (Sharm El-Sheikh - Egito),,Senador(a),Internacional,GUR/CDG/CAI/CDG/GRU,09/11/2022,18/11/2022,"24.867,98",,,,"25.629,85",Daniella Ribeiro,,
99,,,,,27� Confer�ncia das Na��es Unidas sobre Mudan�as Clim�ticas (COP 27) - (Sharm El-Sheikh - Egito),,Senador(a),Internacional,CAI/SSH,11/11/2022,,"291,56",,,,"448,18",Daniella Ribeiro,,
100,,,,,27� Confer�ncia das Na��es Unidas sobre Mudan�as Clim�ticas (COP 27) - (Sharm El-Sheikh - Egito),,Senador(a),Internacional,SSH/CAI,,15/11/2022,"303,82",,,,"575,72",Daniella Ribeiro,,
101,,,,,27� Confer�ncia das Na��es Unidas sobre Mudan�as Clim�ticas (COP 27) - (Sharm El-Sheikh - Egito),,Senador(a),Seguro Viagem,EGITO,09/11/2022,15/11/2022,"254,95",,,,"254,95",Daniella Ribeiro,,
102,,,,,27� Confer�ncia das Na��es Unidas sobre Mudan�as Clim�ticas (COP 27) - (Sharm El-Sheikh - Egito),,Senador(a),Seguro Viagem,EGITO,16/11/2022,18/11/2022,"109,32",,,,"109,32",Daniella Ribeiro,,
103,,,,,LXXXIV Sess�o Plen�ria do Parlamento do Mercosul e Reuni�es de Comiss�es,,Senador(a),Internacional,BSB/GRU/MVD/GRU/BSB,03/12/2022,06/11/2022,"2.656,26",,,,"2.655,20",Nelsinho Trad,,
104,,,,,LXXXIV Sess�o Plen�ria do Parlamento do Mercosul e Reuni�es de Comiss�es,,Senador(a),Internacional,BSB/GRU/MVD/GRU/BSB,03/12/2022,07/11/2022,"3.550,11",,,,"4.022,46",Nelsinho Trad,,
105,,,,,LXXXIV Sess�o Plen�ria do Parlamento do Mercosul e Reuni�es de Comiss�es,,Senador(a),Seguro Viagem,BSB/GRU/MVD/GRU/BSB,03/11/2022,07/11/2022,402,,,,"401,84",Nelsinho Trad,,
106,,,,,Reuni�es Ordin�rias dos �rg�os da Assembleia Parlamentar EuroLatino-Americano - EUROLAT,,Senador(a),Internacional,REC/LIS/BRU/LIS/REC,28/11/2022,03/12/2022,"19.399,39",,,,"20.439,51",Daniella Ribeiro,,
107,,,,,Reuni�es Ordin�rias dos �rg�os da Assembleia Parlamentar EuroLatino-Americano - EUROLAT,,Senador(a),Seguro Viagem,EUROPA,28/11/2022,03/12/2022,"385,92",,,,"385,77",Daniella Ribeiro,,
108,,,,,LXXXIV Sess�o Plen�ria do Parlamento do Mercosul e Reuni�es de Comiss�es,,Senador(a),Internacional,REC/MVD,04/12/2022,,"1.619,07",,,,"1.701,12",Humberto Costa,,
109,,,,,LXXXIV Sess�o Plen�ria do Parlamento do Mercosul e Reuni�es de Comiss�es,,Senador(a),Internacional,MVD/GRU,,06/12/2022,"2.010,88",,,,"2.485,08",Humberto Costa,,
110,,,,,LXXXIV Sess�o Plen�ria do Parlamento do Mercosul e Reuni�es de Comiss�es,,Senador(a),Seguro Viagem,MERCOSUL,04/12/2022,06/12/2022,402,,,,"401,84",Humberto Costa,,
111,,,,,LXXXIV Sess�o Plen�ria do Parlamento do Mercosul e Reuni�es de Comiss�es,,Senador(a),Internacional,VIX/GRU/MVD/GRU/VIX,04/12/2022,07/12/2022,"2.816,29",,,,"3.292,36",Fabiano Contarato,,
112,,,,,LXXXIV Sess�o Plen�ria do Parlamento do Mercosul e Reuni�es de Comiss�es,,Senador(a),Internacional,MVD/POA/VCP/BSB,,06/12/2022,"1.450,58",,,,"1.926,77",Fabiano Contarato,,
113,,,,,LXXXIV Sess�o Plen�ria do Parlamento do Mercosul e Reuni�es de Comiss�es,,Senador(a),Seguro Viagem,MERCOSUL,04/12/2022,07/12/2022,"321,6",,,,"321,47",Fabiano Contarato,,
114,,,,,LXXXIV Sess�o Plen�ria do Parlamento do Mercosul e Reuni�es de Comiss�es,,Senador(a),Internacional,MCZ/GRU/MVD/GRU/BSB,03/12/2022,06/12/2022,"6.395,65",,,,"7.315,54",Rodrigo Cunha,,
115,,,,,LXXXIV Sess�o Plen�ria do Parlamento do Mercosul e Reuni�es de Comiss�es,,Senador(a),Internacional,MVD/GRU/BSB,,06/12/2022,"533,41",,,,,Rodrigo Cunha,,
116,,,,,LXXXIV Sess�o Plen�ria do Parlamento do Mercosul e Reuni�es de Comiss�es,,Senador(a),Seguro Viagem,MERCOSUL,03/12/2022,06/12/2022,"316,2",,,,"316,07",Rodrigo Cunha,,
0,Antonio Anastasia,PSD,Masculino,MG,"Participar do evento Fifth World Conference of Speakers of Parliament (5WCSP), na cidade de Viena, na �ustria",,Senador(a),Internacional,GRU/FRA/VIE/FRA/GRU,03/09/2021,10/09/2021,,,,,"13.802,42",Antonio Anastasia,,"748,17"
1,Antonio Anastasia,PSD,Masculino,MG,"Participar do evento Fifth World Conference of Speakers of Parliament (5WCSP), na cidade de Viena, na �ustria",,Senador(a),Seguro Viagem,VIENA,03/09/2021,10/09/2021,,,,,"516,27",Antonio Anastasia,,
2,Jaques Wagner,PT,Masculino,BA,Miss�o Oficial em Roma,,Senador(a),Seguro Viagem,ROMA,06/10/2021,10/10/2021,,,,,"509,06",Jaques Wagner,,
3,Fabiano Contarato,PT,Masculino,ES,Confer�ncia das Partes da Conven��o-Quadro das Na��es Unidas sobre Mudan�a do Clima - COP26,,Senador(a),Internacional,BSB/GRU/AMS/GLA/MAS/GRU/BSB,05/11/2021,13/11/2021,,,,,"25.499,38",Fabiano Contarato,,"1.941,98"
4,Fabiano Contarato,PT,Masculino,ES,Confer�ncia das Partes da Conven��o-Quadro das Na��es Unidas sobre Mudan�a do Clima - COP26,,Senador(a),Seguro Viagem,ESC�CIA,05/11/2021,13/11/2021,,,,,"595,08",Fabiano Contarato,,
5,Jaques Wagner,PT,Masculino,BA,Confer�ncia das Partes da Conven��o-Quadro das Na��es Unidas sobre Mudan�a do Clima - COP26,,Senador(a),Internacional,SSA/LIS/SSA,29/10/2021,10/11/2002,,,,,"21.970,98",Jaques Wagner,,"259,86"
6,Jaques Wagner,PT,Masculino,BA,Confer�ncia das Partes da Conven��o-Quadro das Na��es Unidas sobre Mudan�a do Clima - COP26,,Senador(a),Internacional,LIS/REC/SSA,,11/11/2021,,,,,"3.262,95",Jaques Wagner,,
7,Jaques Wagner,PT,Masculino,BA,Confer�ncia das Partes da Conven��o-Quadro das Na��es Unidas sobre Mudan�a do Clima - COP26,,Senador(a),Seguro Viagem,EUROPA,29/10/2021,10/11/2021,,,,,"982,80",Jaques Wagner,,
8,Acir Gurgacz,PDT,Masculino,RO,Confer�ncia das Partes da Conven��o-Quadro das Na��es Unidas sobre Mudan�a do Clima - COP26,,Senador(a),Internacional,GRU/FRA/LHL,05/11/2021,,,,,,"15.219,20",Acir Gurgacz,,"268,14"
9,Acir Gurgacz,PDT,Masculino,RO,Confer�ncia das Partes da Conven��o-Quadro das Na��es Unidas sobre Mudan�a do Clima - COP26,,Senador(a),Internacional,EDI/FRA/GRU/BSB,10/11/2021,,,,,,"21.347,77",Acir Gurgacz,,"3.131,20"
10,Acir Gurgacz,PDT,Masculino,RO,Confer�ncia das Partes da Conven��o-Quadro das Na��es Unidas sobre Mudan�a do Clima - COP26,,Senador(a),Internacional,LHR/EDI,06/11/2021,,,,,,"2.185,36",Acir Gurgacz,,"379,77"
11,Acir Gurgacz,PDT,Masculino,RO,Confer�ncia das Partes da Conven��o-Quadro das Na��es Unidas sobre Mudan�a do Clima - COP26,,Senador(a),Seguro Viagem,EUROPA,05/11/2021,11/11/2021,,,,,"473,76",Acir Gurgacz,,
12,Eliziane Gama,PSD,Feminino,MA,Confer�ncia das Partes da Conven��o-Quadro das Na��es Unidas sobre Mudan�a do Clima - COP26,,Senador(a),Internacional,BSB/FOR/CDG/EDI/MAS/GRU/BSB,05/11/2021,11/11/2021,,,,,"15.703,40",Eliziane Gama,,"1.252,47"
13,Eliziane Gama,PSD,Feminino,MA,Confer�ncia das Partes da Conven��o-Quadro das Na��es Unidas sobre Mudan�a do Clima - COP26,,Senador(a),Internacional,SLZ/FOR/CDG/EDI/MAS/GRU/BSB,05/11/2021,11/11/2021,,,,,"113,34",Eliziane Gama,,
14,Eliziane Gama,PSD,Feminino,MA,Confer�ncia das Partes da Conven��o-Quadro das Na��es Unidas sobre Mudan�a do Clima - COP26,,Senador(a),Internacional,EDI/MAS/GRU/SLZ,,11/11/2021,,,,,"111,21",Eliziane Gama,,
15,Eliziane Gama,PSD,Feminino,MA,Confer�ncia das Partes da Conven��o-Quadro das Na��es Unidas sobre Mudan�a do Clima - COP26,,Senador(a),Seguro Viagem,EUROPA,05/11/2021,11/11/2021,,,,,"474,41",Eliziane Gama,,
16,Humberto Costa,PT,Masculino,PE,Reuni�es de Comiss�es Permanentes e da LXXVIII Sess�o Plen�ria do Parlamento do Mercosul,,Senador(a),Internacional,MVD/GRU,10/11/2021,,,,,,"2.381,80",Humberto Costa,,"434,24"
17,Humberto Costa,PT,Masculino,PE,Reuni�es de Comiss�es Permanentes e da LXXVIII Sess�o Plen�ria do Parlamento do Mercosul,,Senador(a),Nacional,GRU/BSB,10/11/2021,,,,,,"757,13",Humberto Costa,,"35,52"
18,Humberto Costa,PT,Masculino,PE,Reuni�es de Comiss�es Permanentes e da LXXVIII Sess�o Plen�ria do Parlamento do Mercosul,,Senador(a),Seguro Viagem,AMERICA LATINA,06/11/2021,10/11/2021,,,,,"423,75",Humberto Costa,,
19,Humberto Costa,PT,Masculino,PE,Reuni�es de Comiss�es Permanentes e da LXXVIII Sess�o Plen�ria do Parlamento do Mercosul,,Senador(a),Internacional,GRU/MVSD/GRU,06/11/2021,10/11/2021,,,,,"3.284,08",Humberto Costa,,"352,27"
20,Humberto Costa,PT,Masculino,PE,"Participar, a convite do Group of Progressive Alliance of Socialists & Democrats do parlamento Europeu, da Latin American High Level Meeting",,Senador(a),Internacional,BSB/GRU/FRA/BRU/FRA/GRU/BSB,13/11/2021,16/11/2021,,,,,"13.105,47",Humberto Costa,,"808,75"
21,Humberto Costa,PT,Masculino,PE,"Participar, a convite do Group of Progressive Alliance of Socialists & Democrats do parlamento Europeu, da Latin American High Level Meeting",,Senador(a),Seguro Viagem,BSB/GRU/FRA/BRU/FRA/GRU/BSB,13/11/2021,17/11/2021,,,,,"420,00",Humberto Costa,,
22,Chico Rodrigues,PSB,Masculino,RR,Semin�rios 25 anos de CPLP - Jornada Agostinho da Silva - O Agroneg�cio Sustent�vel no Brasil,,Senador(a),Internacional,BSB/GRU/LIS/BSB,09/11/2021,14/11/2021,,,,,"22.669,17",Chico Rodrigues,,"295,87"
23,Chico Rodrigues,PSB,Masculino,RR,Semin�rios 25 anos de CPLP - Jornada Agostinho da Silva - O Agroneg�cio Sustent�vel no Brasil,,Senador(a),Seguro Viagem,BSB/GRU/LIS/BSB,09/11/2021,14/11/2021,,,,,"609,12",Chico Rodrigues,,
24,Soraya Thronicke,PODEMOS,Feminino,MS,25 anos de CPLP - Jornada Agostinho da Silva - Semin�rio O Agroneg�cio Sustent�vel no Brasil - IX F�rum Jur�dico de Lisboa,,Senador(a),Internacional,BSB/GRU/LIS,10/11/2021,,,,,,"5.843,66",Soraya Thronicke,,"97,19"
25,Soraya Thronicke,PODEMOS,Feminino,MS,25 anos de CPLP - Jornada Agostinho da Silva - Semin�rio O Agroneg�cio Sustent�vel no Brasil - IX F�rum Jur�dico de Lisboa,,Senador(a),Seguro Viagem,EUROPA,10/11/2021,19/11/2021,,,,,"666,00",Soraya Thronicke,,
26,Antonio Anastasia,PSD,Masculino,MG,Sess�o Ordin�ria do Grupo de Parlamentares da Am�rica Latina e do Caribe - GRULAC e 143� Assembleia da Uni�o Interpalamentar,,Senador(a),Seguro Viagem,EUROPA,25/11/2021,30/11/2021,,,,,"403,20",Antonio Anastasia,,
27,Antonio Anastasia,PSD,Masculino,MG,Sess�o Ordin�ria do Grupo de Parlamentares da Am�rica Latina e do Caribe - GRULAC e 143� Assembleia da Uni�o Interpalamentar,,Senador(a),Internacional,MAD/LISGRU,,29/11/2021,,,,,"13.731,78",Antonio Anastasia,,"2.142,15"
28,Antonio Anastasia,PSD,Masculino,MG,Sess�o Ordin�ria do Grupo de Parlamentares da Am�rica Latina e do Caribe - GRULAC e 143� Assembleia da Uni�o Interpalamentar,,Senador(a),Internacional,GRU/MAD/GRU,25/11/2021,05/12/2021,,,,,,Antonio Anastasia,"20.894,44","223,69"
29,Jaques Wagner,PT,Masculino,BA,Confer�ncia das Partes da Conven��o-Quadro das Na��es Unidas sobre Mudan�a do Clima - COP26,,Senador(a),Internacional,EDI/LHR/LIS,10/11/2021,10/11/2021,,,,,"2.234,84",Jaques Wagner,,"505,04"
30,Soraya Thronicke,PODEMOS,Feminino,MS,"Reuni�es das Comiss�es Permanentes, da Coordena��o para participa��o na C�pula Mercosul e da LXXXIV Sess�o Plen�ria do Parlamento do Mercosul",,Senador(a),Internacional,CGR/GRU/MVD/GRU/CGR,05/12/2021,08/12/2021,,,,,"3.995,36",Soraya Thronicke,,"415,85"
31,Soraya Thronicke,PODEMOS,Feminino,MS,"Reuni�es das Comiss�es Permanentes, da Coordena��o para participa��o na C�pula Mercosul e da LXXXIV Sess�o Plen�ria do Parlamento do Mercosul",,Senador(a),Seguro Viagem,CGR/GRU/MVD/GRU/CGR,05/12/2021,08/12/2021,,,,,"336,60",Soraya Thronicke,,
32,Zequinha Marinho,PODEMOS,Masculino,PA,Assessorar o Senador Zequinha Marinho durante sua participa��o no evento Expo Maraj�,,Senador(a),Internacional,BSB/GRU/DXB/GRU/BSB,08/12/2021,14/12/2021,,,,,"31.243,92",Zequinha Marinho,,"2.009,67"
33,Zequinha Marinho,PODEMOS,Masculino,PA,Assessorar o Senador Zequinha Marinho durante sua participa��o no evento Expo Maraj�,,Senador(a),Seguro Viagem,BSB/GRU/DXB/GRU/BSB,08/12/2021,14/12/2021,,,,,"307,22",Zequinha Marinho,,
34,Fabiano Contarato,PT,Masculino,ES,"Reuni�es das Comiss�es Permanentes, da Coordena��o para participa��o na C�pula Mercosul e da LXXXIV Sess�o Plen�ria do Parlamento do Mercosul",,Senador(a),Internacional,VIX/GRU/MVD/GRU/BSB,04/12/2021,09/12/2021,,,,,"3.499,15",Fabiano Contarato,,"423,53"
35,Fabiano Contarato,PT,Masculino,ES,"Reuni�es das Comiss�es Permanentes, da Coordena��o para participa��o na C�pula Mercosul e da LXXXIV Sess�o Plen�ria do Parlamento do Mercosul",,Senador(a),Seguro Viagem,VIX/GRU/MVD/GRU/BSB,04/12/2021,09/12/2021,,,,,"403,92",Fabiano Contarato,,
36,Humberto Costa,PT,Masculino,PE,"Reuni�es das Comiss�es Permanentes, da Coordena��o para participa��o na C�pula Mercosul e da LXXXIV Sess�o Plen�ria do Parlamento do Mercosul",,Senador(a),Internacional,GRU/MVD/GRU/BSB,04/12/2021,08/12/2021,,,,,"3.338,52",Humberto Costa,,"389,26"
37,Humberto Costa,PT,Masculino,PE,"Reuni�es das Comiss�es Permanentes, da Coordena��o para participa��o na C�pula Mercosul e da LXXXIV Sess�o Plen�ria do Parlamento do Mercosul",,Senador(a),Seguro Viagem,GRU/MVD/GRU/BSB,04/12/2021,08/12/2021,,,,,"219,44",Humberto Costa,,
38,Eliziane Gama,PSD,Feminino,MA,"Reuni�es das Comiss�es Permanentes, da Coordena��o para participa��o na C�pula Mercosul e da LXXXIV Sess�o Plen�ria do Parlamento do Mercosul",,Senador(a),Nacional,SLZ/GRU,05/12/2021,05/12/2021,,,,,"1.438,76",Eliziane Gama,,"36,06"
0,Nelsinho Trad,PSD,Masculino,MS,Comiss�o Permanente e XXXVI Assembleia Ordin�ria do Parlatino,,Senador(a),Internacional,BSB/PTY/GRU,10/02/2022,12/02/2022,"11.196,39",,,,"11.541,02",Daniella Ribeiro,,
1,Nelsinho Trad,PSD,Masculino,MS,Comiss�o Permanente e XXXVI Assembleia Ordin�ria do Parlatino,,Senador(a),Seguro Viagem,BSB/PTY/GRU,10/02/2022,12/02/2022,"214,54",,,,"214,54",Daniella Ribeiro,,
2,Humberto Costa,PT,Masculino,PE,"Foro Parlamentario de Inteligencia y Seguridad, cidade da Guatemala",,Senador(a),Internacional,REC/GRU/PTY/GUA,04/03/2022,05/03/2022,"5.858,91",,,,"5.973,64",Daniella Ribeiro,,
3,Humberto Costa,PT,Masculino,PE,"Foro Parlamentario de Inteligencia y Seguridad, cidade da Guatemala",,Senador(a),Internacional,GUA/PTY/GRU/REC,07/03/2022,08/03/2022,"4.795,06",,,,"5.577,92",Daniella Ribeiro,,
4,Soraya Thronicke,PODEMOS,Feminino,MS,"Foro Parlamentario de Inteligencia y Seguridad, cidade da Guatemala",,Senador(a),Seguro Viagem,AMERICA CENTRAL,04/03/2022,08/03/2022,"240,99",,,,"240,99",Daniella Ribeiro,,
5,Soraya Thronicke,PODEMOS,Feminino,MS,Miss�o internacional � sede da HDT Bio Corp e � Universidade de Washington,,Senador(a),Seguro Viagem,EUA,12/02/2022,22/02/2022,"978,36",,,,"978,36",Jaques Wagner,,
6,Eliziane Gama,PSD,Feminino,MA,GSMA MobileWord Congress-2023 e Ecossistema Inovador de Israel,,Senador(a),Seguro Viagem,EUROPA,26/02/2022,08/03/2022,"694,32",,,,"694,32",Soraya Thronicke,,
7,Eliziane Gama,PSD,Feminino,MA,GSMA MobileWord Congress-2023 e Ecossistema Inovador de Israel,,Senador(a),Seguro Viagem,EUROPA,26/02/2022,08/03/2022,"192,45",,,,"192,45",Soraya Thronicke,,
8,Nelsinho Trad,PSD,Masculino,MS,GSMA MobileWord Congress-2023 e Ecossistema Inovador de Israel,,Senador(a),Internacional,BSB/GRU/MAD/BCN,26/02/2022,,"7.551,76",,,,"7.725,13",Soraya Thronicke,,
9,Nelsinho Trad,PSD,Masculino,MS,GSMA MobileWord Congress-2023 e Ecossistema Inovador de Israel,,Senador(a),Internacional,BCN/TLV,03/03/2022,,"1.173,91",,,,"1.300,08",Soraya Thronicke,,
10,Nelsinho Trad,PSD,Masculino,MS,GSMA MobileWord Congress-2023 e Ecossistema Inovador de Israel,,Senador(a),Internacional,TLV/MAD/GRU,,07/03/2022,"3.167,20",,,,"4.762,19",Soraya Thronicke,,
11,Nelsinho Trad,PSD,Masculino,MS,GSMA MobileWord Congress-2023 e Ecossistema Inovador de Israel,,Senador(a),Nacional,GRU/BSB,08/03/2022,,"442,37",,,,"477,71",Soraya Thronicke,,
12,Nelsinho Trad,PSD,Masculino,MS,Segunda Asemblea Nacional del Movimiento de Regeneracion Nacional � MORENA,,Senador(a),Internacional,MEX/PTY/GRU,04/03/2022,,"1.499,39",,,,"1.899,67",Humberto Costa,,
13,,,,,Segunda Asemblea Nacional del Movimiento de Regeneracion Nacional � MORENA,,Senador(a),Seguro Viagem,M�XICO,28/02/2022,05/03/2022,"676,35",,,,"676,35",Humberto Costa,,
14,,,,,Representante do Senado Federal em visita t�cnica nos Portos de Portugal,,Senador(a),Seguro Viagem,GRU/OPO/LIS/BSB,05/03/2022,14/03/2022,"481,05",,,,"384,84",Wellington Fagundes,,
15,,,,,Representante do Senado Federal em visita t�cnica nos Portos de Portugal,,Senador(a),Nacional,CGB/GRU,05/03/2022,05/03/2022,"2.069,90",,,,"2.108,02",Wellington Fagundes,,
16,,,,,Representante do Senado Federal em visita t�cnica nos Portos de Portugal,,Senador(a),Internacional,GRU/OPO/LIS/BSB,05/03/2022,14/03/2022,"17.484,86",,,,"8.257,26",Wellington Fagundes,,
17,,,,,2022 International Partnering Forum,,Senador(a),Internacional,GRU/JFK/GRU,24/04/2022,03/05/2022,"5.325,18",,,,"5.719,69",Carlos Portinho,,
18,,,,,2022 International Partnering Forum,,Senador(a),Seguro Viagem,GRU/JFK/GRU,24/04/2022,04/05/2022,"910,68",,,,"514,07",Carlos Portinho,,
19,,,,,Reuni�es da Bancada Progressista e da LXXX Sess�o Ordin�ria do Parlasul,,Senador(a),Internacional,GRU/MVD,02/04/2022,02/04/2022,"946,47",,,,"1.008,95",Humberto Costa,,
20,,,,,Reuni�es da Bancada Progressista e da LXXX Sess�o Ordin�ria do Parlasul,,Senador(a),Internacional,MVD/GRU,05/04/2022,05/04/2022,"3.039,55",,,,"3.540,09",Humberto Costa,,
21,,,,,Reuni�es da Bancada Progressista e da LXXX Sess�o Ordin�ria do Parlasul,,Senador(a),Seguro Viagem,AMERICA CENTRAL,02/04/2022,05/04/2022,"212,83",,,,"212,83",Humberto Costa,,
22,,,,,LXXX Sess�o Plen�ria do Parlamento do Mercosul,,Senador(a),Internacional,VIX/VCP/POA/MVD,01/04/2022,01/04/2022,"1.340,17",,,,"1.448,81",Fabiano Contarato,,
23,,,,,LXXX Sess�o Plen�ria do Parlamento do Mercosul,,Senador(a),Internacional,MVD/POA/VCP/BSB,05/04/2022,05/04/2022,"2.203,16",,,,"2.686,55",Fabiano Contarato,,
24,,,,,LXXX Sess�o Plen�ria do Parlamento do Mercosul,,Senador(a),Seguro Viagem,VIX/VCP/POA/MVD/POA/VCP/BSB,01/04/2022,05/04/2022,"272,53",,,,"272,53",Fabiano Contarato,,
25,,,,,8� Brazil Conference - Boston/EUA,,Senador(a),Internacional,GRU/ORD/BOS/IAD/IAH/GRU,04/04/2022,11/04/2022,"11.590,86",,,,"12.019,18",Daniella Ribeiro,,
26,,,,,8� Brazil Conference - Boston/EUA,,Senador(a),Seguro Viagem,GRU/ORD/BOS/IAD/IAH/GRU,04/04/2022,12/04/2022,"731,71",,,,"731,71",Daniella Ribeiro,,
27,,,,,F�rum Internacional de Log�stica Multimodal Sustent�vel - FILMS,,Senador(a),Nacional,BSB/VCP/IGU,13/05/2022,,"1.226,90",,,,"1.260,74",Nelsinho Trad,,
28,,,,,XIV Sess�o Especial e a LXXXI Sess�o Plen�ria do Parlamento do Mercosul,,Senador(a),Internacional,IGU/GRU/MVD/GRU/BSB,14/05/2022,17/05/2022,"2.129,24",,,,"1.276,69",Nelsinho Trad,"1.148,26",
29,,,,,Reuni�o de Mesa do Parlamento do Mercosul,,Senador(a),Internacional,BSB/AEP/BSB,08/05/2022,11/05/2022,"1.715,57",,,,"2.126,21",Nelsinho Trad,,
30,,,,,Reuni�o de Mesa do Parlamento do Mercosul,,Senador(a),Seguro Viagem,ARGENTINA,08/05/2022,11/05/2022,"145,9",,,,"145,9",Nelsinho Trad,,
31,,,,,XIV Sess�o Especial e a LXXXI Sess�o Plen�ria do Parlamento do Mercosul,,Senador(a),Internacional,VIX/VCP/POA/MVD,15/05/2022,,"733,91",,,,"715,06",Fabiano Contarato,"132,74",
32,,,,,XIV Sess�o Especial e a LXXXI Sess�o Plen�ria do Parlamento do Mercosul,,Senador(a),Internacional,MVD/POA/VCP/BSB,,17/05/2022,"673,14",,,,"672,87",Fabiano Contarato,"347,53",
33,,,,,8a Brazil Conference - Boston/EUA,,Senador(a),Seguro Viagem,EUA,07/04/2022,14/04/2022,"1.087,34",,,,"1.087,34",Jaques Wagner,,
34,,,,,"Confer�ncia Internacional ""Rep�blia Checa e Iberoam�rica promoviendo - desarrollo, prosperidad y democracia""",,Senador(a),Internacional,CGR/GRU/FRA/PRG/BCN/GRU/BSB,08/05/2022,16/05/2022,"13.700,07",,,,"14.206,32",Soraya Thronicke,,
35,,,,,"Confer�ncia Internacional ""Rep�blia Checa e Iberoam�rica promoviendo - desarrollo, prosperidad y democracia""",,Senador(a),Seguro Viagem,EUROPA,08/05/2022,16/05/2022,"487,64",,,,"487,64",Soraya Thronicke,,
36,,,,,F�rum Internacional de Log�stica Multimodal Sustent�vel - FILMS,,Senador(a),Nacional,IGU/GRU/BSB,14/05/2022,,"1.567,90",,,,"1.606,13",Nelsinho Trad,,
37,,,,,Participar como observador internacional das elei��es da Rep�blica da Col�mbia,,Senador(a),Internacional,GRU/BOG/LIM/GRU,26/05/2022,30/05/2022,"6.606,90",,,,"6.955,23",Humberto Costa,,
38,,,,,Participar como observador internacional das elei��es da Rep�blica da Col�mbia,,Senador(a),Nacional,GRU/BSB,,31/05/2022,"1.936,90",,,,"1.971,65",Humberto Costa,,
39,,,,,Participar como observador internacional das elei��es da Rep�blica da Col�mbia,,Senador(a),Nacional,CGH/BSB,,31/05/2022,"1.558,55",,,,"1.557,93",Humberto Costa,,
40,,,,,Participar como observador internacional das elei��es da Rep�blica da Col�mbia,,Senador(a),Seguro Viagem,GRU/BOG/LIM/GRU,26/05/2022,31/05/2022,"232,38",,,,"232,38",Humberto Costa,,
41,,,,,LXXXI Sess�o Plen�ria do Parlamento doMercosul e do Semin�rio sobre Desafios da prote��o ao consumidor no com�rcio internacional,,Senador(a),Internacional,BSB/GRU/MVD/GRU/BSB,03/06/2022,07/06/2022,"2.587,81",,,,"2.892,32",Nelsinho Trad,,
42,,,,,LXXXI Sess�o Plen�ria do Parlamento doMercosul e do Semin�rio sobre Desafios da prote��o ao consumidor no com�rcio internacional,,Senador(a),Seguro Viagem,BSB/GRU/MVD/GRU/BSB,03/06/2022,07/06/2022,"190,54",,,,"114,33",Nelsinho Trad,,
43,,,,,XXXV Encontro da Associa��o Brasileira das Escolas do Legislativo e de Contas (ABEL),,Senador(a),Internacional,VIX/GRU/MVD/GRU/VIX,05/06/2022,08/06/2022,"3.716,80",,,,"4.124,08",Fabiano Contarato,,
44,,,,,XXXV Encontro da Associa��o Brasileira das Escolas do Legislativo e de Contas (ABEL),,Senador(a),Seguro Viagem,VIX/GRU/MVD/GRU/VIX,05/06/2022,08/06/2022,"152,45",,,,"152,45",Fabiano Contarato,,
45,,,,,II Congresso Internacional de Direito Desportivo do GEDD-FND/UFRJ,,Senador(a),Internacional,GIG/MAS/LIS/MAS/GIG,15/06/2022,21/06/2022,"9.116,38",,,,"9.615,25",Carlos Portinho,,
46,,,,,II Congresso Internacional de Direito Desportivo do GEDD-FND/UFRJ,,Senador(a),Seguro Viagem,EUROPA,15/06/2022,21/06/2022,"266,77",,,,"228,66",Carlos Portinho,,
47,,,,,"LXXXI Sess�o Plen�ria do Parlamento do Mercosul, e do Semin�rio sobre Desafios da Prote��o ao Consumidor no Com�rcio Internacional",,Senador(a),Internacional,BSB/GRU/MVD,03/06/2022,,"1.352,83",,,,"1.386,62",Lucas Barreto,,
48,,,,,"LXXXI Sess�o Plen�ria do Parlamento do Mercosul, e do Semin�rio sobre Desafios da Prote��o ao Consumidor no Com�rcio Internacional",,Senador(a),Internacional,MVD/GRU/BSB,07/06/2022,,"1.463,17",,,,"1.836,77",Lucas Barreto,,
49,,,,,"LXXXI Sess�o Plen�ria do Parlamento do Mercosul, e do Semin�rio sobre Desafios da Prote��o ao Consumidor no Com�rcio Internacional",,Senador(a),Seguro Viagem,AMERICA DO SUL,03/06/2022,07/06/2022,"187,42",,,,"112,45",Lucas Barreto,,
50,,,,,Participar da Bancada Progressista e da LXXXI Sess�o Plen�ria do Parlamento do Mercosul,,Senador(a),Internacional,GRU/MVD/GRU,04/06/2022,07/06/2022,"5.956,29",,,,"6.280,08",Humberto Costa,,
51,,,,,Participar da Bancada Progressista e da LXXXI Sess�o Plen�ria do Parlamento do Mercosul,,Senador(a),Nacional,CGH/REC,08/06/2022,,"1.116,19",,,,"1.155,67",Humberto Costa,,
52,,,,,Participar da Bancada Progressista e da LXXXI Sess�o Plen�ria do Parlamento do Mercosul,,Senador(a),Seguro Viagem,GRU/MVD/GRU/REC,04/06/2022,08/06/2022,"149,33",,,,,Humberto Costa,"149,33",
53,,,,,Encontros Bilaterais com membros da Assembleia Nacional da Rep�blica Bolivariana da Venezuela,,Senador(a),Internacional,BSB/PTY/CCS/PTY/BSB,12/06/2022,19/06/2022,"16.714,94",,,,"16.629,82",Chico Rodrigues,"941,13",
54,,,,,Encontros Bilaterais com membros da Assembleia Nacional da Rep�blica Bolivariana da Venezuela,,Senador(a),Internacional,CCS/PTY/BSB,,21/06/2022,"4.851,30",,,,"4.849,36",Chico Rodrigues,,
55,,,,,Encontros Bilaterais com membros da Assembleia Nacional da Rep�blica Bolivariana da Venezuela,,Senador(a),Internacional,CCS/PTY/BSB,,22/06/2022,"4.714,82",,,,"5.489,44",Chico Rodrigues,,
56,,,,,Encontros Bilaterais com membros da Assembleia Nacional da Rep�blica Bolivariana da Venezuela,,Senador(a),Seguro Viagem,BSB/PTY/CCS/PTY/BSB,12/06/2022,19/06/2022,"781,55",,,,"781,24",Chico Rodrigues,,
57,,,,,"Reuni�es Bilaterais com o Governo Brit�nico sobre os temas mudan�as clim�ticas, geopol�ticas, finan�as verdes e direitos humanos",,Senador(a),Internacional,BSB/GRU/ZRH/LHR,24/06/2022,,"8.112,66",,,,"8.399,98",Humberto Costa,,
58,,,,,"Reuni�es Bilaterais com o Governo Brit�nico sobre os temas mudan�as clim�ticas, geopol�ticas, finan�as verdes e direitos humanos",,Senador(a),Internacional,LHR/GRU,,30/06/2022,"5.888,33",,,,"6.806,37",Humberto Costa,,
59,,,,,"Reuni�es Bilaterais com o Governo Brit�nico sobre os temas mudan�as clim�ticas, geopol�ticas, finan�as verdes e direitos humanos",,Senador(a),Seguro Viagem,EUROPA,24/06/2022,01/07/2022,"346,47",,,,"346,47",Humberto Costa,,
60,,,,,"F�rum Pol�tico de Alto N�vel das Na��es Unidas sobre Desenvolvimento Sustent�vel, a ser realizado na cidade de Nova York/Estado Unidos",,Senador(a),Seguro Viagem,AMERICA DO NORTE,10/07/2022,18/07/2022,"1.111,49",,,,"987,97",Eliane Nogueira,,
61,,,,,LXXXIII Sess�o Plen�ria do Parlamento do Mercosul,,Senador(a),Internacional,GRU/MVD/GRU/BSB,07/08/2022,09/08/2022,"4.824,73",,,,"5.547,39",Nelsinho Trad,,
62,,,,,LXXXIII Sess�o Plen�ria do Parlamento do Mercosul,,Senador(a),Seguro Viagem,GRU/MVD/GRU/BSB,07/08/2022,09/08/2022,"131,96",,,,"131,96",Nelsinho Trad,,
63,,,,,LXXXIII Sess�o Plen�ria do Parlamento do Mercosul,,Senador(a),Internacional,VIX/CGH/GRU/MVD,07/08/2022,08/08/2022,"2.341,07",,,,"2.444,48",Fabiano Contarato,,
64,,,,,LXXXIII Sess�o Plen�ria do Parlamento do Mercosul,,Senador(a),Internacional,VIX/GRU/MVD,07/08/2022,,"2.730,49",,,,"2.729,40",Fabiano Contarato,,
65,,,,,LXXXIII Sess�o Plen�ria do Parlamento do Mercosul,,Senador(a),Internacional,MVD/GRU/BSB,09/08/2022,09/08/2022,"3.243,94",,,,"3.785,63",Fabiano Contarato,,
66,,,,,LXXXIII Sess�o Plen�ria do Parlamento do Mercosul,,Senador(a),Seguro Viagem,VIX/CGH/GRU/MVD/GRU/BSB,07/08/2022,09/08/2022,"133,21",,,,"133,21",Fabiano Contarato,,
67,,,,,LXXXIII Sess�o Plen�ria do Parlamento do Mercosul,,Senador(a),Nacional,GRU/VIX,09/08/2022,,"2.427,78",,,,"2.462,33",Fabiano Contarato,,
68,,,,,LXXXIII Sess�o Plen�ria do Parlamento do Mercosul,,Senador(a),Internacional,GRU/MVD,06/08/2022,06/08/2022,"1.606,50",,,,"1.668,72",Humberto Costa,,
69,,,,,LXXXIII Sess�o Plen�ria do Parlamento do Mercosul,,Senador(a),Internacional,MVD/GRU,09/08/2022,09/08/2022,"2.480,39",,,,"2.953,90",Humberto Costa,,
70,,,,,LXXXIII Sess�o Plen�ria do Parlamento do Mercosul,,Senador(a),Seguro Viagem,GRU/MVD/GRU,06/08/2022,09/08/2022,"177,64",,,,"177,64",Humberto Costa,,
71,,,,,LXXXIII Sess�o Plen�ria do Parlamento do Mercosul,,Senador(a),Nacional,GRU/REC,09/08/2022,09/08/2022,"1.596,21",,,,"1.631,09",Humberto Costa,,
72,,,,,27� Confer�ncia das Na��es Unidas sobre Mudan�as Clim�ticas (COP 27) - (Sharm El-Sheikh - Egito),,Senador(a),Internacional,VIX/GRU/IST/CAI/SSH/CAI/IST/GRU/VIX,09/11/2022,21/11/2022,"31.438,03",,,,"35.957,96",Fabiano Contarato,,
73,,,,,27� Confer�ncia das Na��es Unidas sobre Mudan�as Clim�ticas (COP 27) - (Sharm El-Sheikh - Egito),,Senador(a),Internacional,VIX/GRU/IST/CAI,04/11/2022,06/11/2022,"9.429,51",,,,"10.102,62",Fabiano Contarato,,
74,,,,,27� Confer�ncia das Na��es Unidas sobre Mudan�as Clim�ticas (COP 27) - (Sharm El-Sheikh - Egito),,Senador(a),Seguro Viagem,VIX/GRU/IST/CAI/SSH/CAI/IST/GRU/VIX,09/11/2022,21/11/2022,"840,84",,,,"840,5",Fabiano Contarato,,
75,,,,,27� Confer�ncia das Na��es Unidas sobre Mudan�as Clim�ticas (COP 27) - (Sharm El-Sheikh - Egito),,Senador(a),Seguro Viagem,VIX/GRU/IST/CAI/SSH/CAI/IST/GRU/VIX,04/11/2022,08/11/2022,"394,5",,,,"394,5",Fabiano Contarato,,
76,,,,,Reuni�o da Mesa Diretora do Parlamento do Mercosul - Buenos Aires/Argentina,,Senador(a),Internacional,BSB/AEP/GIG/BSB,16/10/2022,19/10/2022,"3.530,14",,,,"4.027,84",Nelsinho Trad,,
77,,,,,Reuni�o da Mesa Diretora do Parlamento do Mercosul - Buenos Aires/Argentina,,Senador(a),Seguro Viagem,BSB/AEP/GIG/BSB,16/10/2022,19/10/2022,"174,94",,,,"174,94",Nelsinho Trad,,
78,,,,,27� Confer�ncia das Na��es Unidas sobre Mudan�as Clim�ticas (COP 27) - (Sharm El-Sheikh - Egito),,Senador(a),Seguro Viagem,EGITO,08/11/2022,13/11/2022,"747,36",,,,"747,06",Jaques Wagner,,
79,,,,,"Assembleia Ordin�ria do Parlamento Amaz�nico (Parlamaz), Miss�o Parlamentar de Campo, cidade de Bogot�, na Col�mbia e tamb�m miss�o oficial na
cidade de Washington/EUA, para participar do Legislator�s Forum on Innovations in Democracy",,Senador(a),Internacional,BSB/PTY/BOG/PTY/IAD/PTY/BSB,07/11/2022,18/11/2022,"29.967,64",,,,"31.093,23",Nelsinho Trad,,
80,,,,,"Assembleia Ordin�ria do Parlamento Amaz�nico (Parlamaz), Miss�o Parlamentar de Campo, cidade de Bogot�, na Col�mbia e tamb�m miss�o oficial na cidade de Washington/EUA, para participar do Legislator�s Forum on Innovations in Democracy",,Senador(a),Seguro Viagem,BSB/PTY/BOG/PTY/IAD/PTY/BSB,07/11/2022,18/11/2022,"854,96",,,,"854,96",Nelsinho Trad,,
81,,,,,"Workshop �Legislator�s Forum on Innovations in Democracy�, bem como de encontro parlamentar para interc�mbio de pr�ticas democr�ticas",,Senador(a),Nacional,REC/GIG,13/11/2022,13/11/2022,"1.159,75",,,,"1.207,08",Humberto Costa,,
82,,,,,"Workshop �Legislator�s Forum on Innovations in Democracy�, bem como de encontro parlamentar para interc�mbio de pr�ticas democr�ticas",,Senador(a),Internacional,GIG/IAH/IAD,13/11/2022,14/11/2022,"2.316,56",,,,"2.601,53",Humberto Costa,,
83,,,,,"Workshop �Legislator�s Forum on Innovations in Democracy�, bem como de encontro parlamentar para interc�mbio de pr�ticas democr�ticas",,Senador(a),Internacional,IAD/PTY/BSB,17/11/2022,18/11/2022,"3.374,12",,,,"3.589,55",Humberto Costa,,
84,,,,,"Workshop �Legislator�s Forum on Innovations in Democracy�, bem como de encontro parlamentar para interc�mbio de pr�ticas democr�ticas",,Senador(a),Seguro Viagem,REC/GIG/IAH/IAD/PTY/BSB,13/11/2022,18/11/2022,"412,85",,,,"412,85",Humberto Costa,,
85,,,,,"LXXXIII Sess�o Plen�ria do Parlamento do Mercosul; e, reuni�o de Mesa Diretora",,Senador(a),Nacional,BSB/GRU,09/11/2022,09/11/2022,"2.622,82",,,,"2.660,33",Rodrigo Cunha,,
86,,,,,"LXXXIII Sess�o Plen�ria do Parlamento do Mercosul; e, reuni�o de Mesa Diretora",,Senador(a),Internacional,GRU/MVD,09/11/2022,09/11/2022,"2.666,42",,,,"2.736,61",Rodrigo Cunha,,
87,,,,,"LXXXIII Sess�o Plen�ria do Parlamento do Mercosul; e, reuni�o de Mesa Diretora",,Senador(a),Internacional,MVD/AEP/GIG/MCZ,13/11/2022,14/11/2022,"2.292,25",,,,"2.643,32",Rodrigo Cunha,,
88,,,,,"LXXXIII Sess�o Plen�ria do Parlamento do Mercosul; e, reuni�o de Mesa Diretora",,Senador(a),Internacional,AEP/GRU,15/11/2022,15/11/2022,"1.000,24",,,,"999,84",Rodrigo Cunha,,
89,,,,,"LXXXIII Sess�o Plen�ria do Parlamento do Mercosul; e, reuni�o de Mesa Diretora",,Senador(a),Seguro Viagem,BSB/GRU/MVD/AEP/GIG/MCZ,09/11/2022,14/11/2022,"231,6",,,,"231,6",Rodrigo Cunha,,
90,,,,,"LXXXIII Sess�o Plen�ria do Parlamento do Mercosul; e, reuni�o de Mesa Diretora",,Senador(a),Seguro Viagem,BSB/GRU/MVD/AEP/GIG/MCZ,14/11/2022,16/11/2022,"111,68",,,,,Rodrigo Cunha,,
91,,,,,27� Confer�ncia das Na��es Unidas sobre Mudan�as Clim�ticas (COP 27) - (Sharm El-Sheikh - Egito),,Senador(a),Internacional,AJU/GRU/DXB/CAI/SSH,10/11/2022,13/11/2022,"7.207,93",,,,"8.592,96",Alessandro Vieira,,
92,,,,,27� Confer�ncia das Na��es Unidas sobre Mudan�as Clim�ticas (COP 27) - (Sharm El-Sheikh - Egito),,Senador(a),Internacional,SSH/CAI/DXB/GRU/AJU,19/11/2022,21/11/2022,"9.420,80",,,,"10.983,31",Alessandro Vieira,,
93,,,,,27� Confer�ncia das Na��es Unidas sobre Mudan�as Clim�ticas (COP 27) - (Sharm El-Sheikh - Egito),,Senador(a),Seguro Viagem,AJU/GRU/DXB/CAI/SSH/CAI/DXB/GRU/AJU,10/11/2022,21/11/2022,"740,16",,,,"740,16",Alessandro Vieira,,
94,,,,,Whashington Parliamentary Intelligence-Security Forum,,Senador(a),Internacional,CNF/PTY/IAD/PTY/CNF,04/12/2022,09/12/2022,"21.018,72",,,,"21.576,36",Carlos Viana,,
95,,,,,Whashington Parliamentary Intelligence-Security Forum,,Senador(a),Internacional,CNF/PTY/IAD/MCO/PTY/CNF,04/12/2022,09/12/2022,"339,52",,,,,Carlos Viana,,
96,,,,,Whashington Parliamentary Intelligence-Security Forum,,Senador(a),Seguro Viagem,CNF/PTY/IAD/PTY/CNF,04/12/2022,09/12/2022,"431,5",,,,"431,5",Carlos Viana,,
97,,,,,27� Confer�ncia das Na��es Unidas sobre Mudan�as Clim�ticas (COP 27) - (Sharm El-Sheikh - Egito),,Senador(a),Seguro Viagem,EGITO,09/11/2022,17/11/2022,"1.149,12",,,,"1.149,12",Eliane Nogueira,,
98,,,,,27� Confer�ncia das Na��es Unidas sobre Mudan�as Clim�ticas (COP 27) - (Sharm El-Sheikh - Egito),,Senador(a),Internacional,GUR/CDG/CAI/CDG/GRU,09/11/2022,18/11/2022,"24.867,98",,,,"25.629,85",Daniella Ribeiro,,
99,,,,,27� Confer�ncia das Na��es Unidas sobre Mudan�as Clim�ticas (COP 27) - (Sharm El-Sheikh - Egito),,Senador(a),Internacional,CAI/SSH,11/11/2022,,"291,56",,,,"448,18",Daniella Ribeiro,,
100,,,,,27� Confer�ncia das Na��es Unidas sobre Mudan�as Clim�ticas (COP 27) - (Sharm El-Sheikh - Egito),,Senador(a),Internacional,SSH/CAI,,15/11/2022,"303,82",,,,"575,72",Daniella Ribeiro,,
101,,,,,27� Confer�ncia das Na��es Unidas sobre Mudan�as Clim�ticas (COP 27) - (Sharm El-Sheikh - Egito),,Senador(a),Seguro Viagem,EGITO,09/11/2022,15/11/2022,"254,95",,,,"254,95",Daniella Ribeiro,,
102,,,,,27� Confer�ncia das Na��es Unidas sobre Mudan�as Clim�ticas (COP 27) - (Sharm El-Sheikh - Egito),,Senador(a),Seguro Viagem,EGITO,16/11/2022,18/11/2022,"109,32",,,,"109,32",Daniella Ribeiro,,
103,,,,,LXXXIV Sess�o Plen�ria do Parlamento do Mercosul e Reuni�es de Comiss�es,,Senador(a),Internacional,BSB/GRU/MVD/GRU/BSB,03/12/2022,06/11/2022,"2.656,26",,,,"2.655,20",Nelsinho Trad,,
104,,,,,LXXXIV Sess�o Plen�ria do Parlamento do Mercosul e Reuni�es de Comiss�es,,Senador(a),Internacional,BSB/GRU/MVD/GRU/BSB,03/12/2022,07/11/2022,"3.550,11",,,,"4.022,46",Nelsinho Trad,,
105,,,,,LXXXIV Sess�o Plen�ria do Parlamento do Mercosul e Reuni�es de Comiss�es,,Senador(a),Seguro Viagem,BSB/GRU/MVD/GRU/BSB,03/11/2022,07/11/2022,402,,,,"401,84",Nelsinho Trad,,
106,,,,,Reuni�es Ordin�rias dos �rg�os da Assembleia Parlamentar EuroLatino-Americano - EUROLAT,,Senador(a),Internacional,REC/LIS/BRU/LIS/REC,28/11/2022,03/12/2022,"19.399,39",,,,"20.439,51",Daniella Ribeiro,,
107,,,,,Reuni�es Ordin�rias dos �rg�os da Assembleia Parlamentar EuroLatino-Americano - EUROLAT,,Senador(a),Seguro Viagem,EUROPA,28/11/2022,03/12/2022,"385,92",,,,"385,77",Daniella Ribeiro,,
108,,,,,LXXXIV Sess�o Plen�ria do Parlamento do Mercosul e Reuni�es de Comiss�es,,Senador(a),Internacional,REC/MVD,04/12/2022,,"1.619,07",,,,"1.701,12",Humberto Costa,,
109,,,,,LXXXIV Sess�o Plen�ria do Parlamento do Mercosul e Reuni�es de Comiss�es,,Senador(a),Internacional,MVD/GRU,,06/12/2022,"2.010,88",,,,"2.485,08",Humberto Costa,,
110,,,,,LXXXIV Sess�o Plen�ria do Parlamento do Mercosul e Reuni�es de Comiss�es,,Senador(a),Seguro Viagem,MERCOSUL,04/12/2022,06/12/2022,402,,,,"401,84",Humberto Costa,,
111,,,,,LXXXIV Sess�o Plen�ria do Parlamento do Mercosul e Reuni�es de Comiss�es,,Senador(a),Internacional,VIX/GRU/MVD/GRU/VIX,04/12/2022,07/12/2022,"2.816,29",,,,"3.292,36",Fabiano Contarato,,
112,,,,,LXXXIV Sess�o Plen�ria do Parlamento do Mercosul e Reuni�es de Comiss�es,,Senador(a),Internacional,MVD/POA/VCP/BSB,,06/12/2022,"1.450,58",,,,"1.926,77",Fabiano Contarato,,
113,,,,,LXXXIV Sess�o Plen�ria do Parlamento do Mercosul e Reuni�es de Comiss�es,,Senador(a),Seguro Viagem,MERCOSUL,04/12/2022,07/12/2022,"321,6",,,,"321,47",Fabiano Contarato,,
114,,,,,LXXXIV Sess�o Plen�ria do Parlamento do Mercosul e Reuni�es de Comiss�es,,Senador(a),Internacional,MCZ/GRU/MVD/GRU/BSB,03/12/2022,06/12/2022,"6.395,65",,,,"7.315,54",Rodrigo Cunha,,
115,,,,,LXXXIV Sess�o Plen�ria do Parlamento do Mercosul e Reuni�es de Comiss�es,,Senador(a),Internacional,MVD/GRU/BSB,,06/12/2022,"533,41",,,,,Rodrigo Cunha,,
116,,,,,LXXXIV Sess�o Plen�ria do Parlamento do Mercosul e Reuni�es de Comiss�es,,Senador(a),Seguro Viagem,MERCOSUL,03/12/2022,06/12/2022,"316,2",,,,"316,07",Rodrigo Cunha,,
