Motivo,Resumo do Motivo,Passageiro,Status do Passageiro,Tipo de Servi�o,Trechos,Data da Viagem,Unnamed: 7,Tarifa,Unnamed: 9,Tx.de Embarque,Unnamed: 11,Multa/Remarca��o,Unnamed: 13,Total,Unnamed: 15,Classe,Unnamed: 17,"***Desconto Contratual 0,04%",Unnamed: 19,Total com Desconto,Unnamed: 21,Data do Cancelamento/ Remarca��o,"GRU / UPGRADE de
Classe",Unnamed: 24,GRU / Diferen�a Tarif�ria,Unnamed: 26,Valor do Reembolso,Unnamed: 28,Custo Efetivo SF,Unnamed: 30,Unnamed: 31
Comiss�o Permanente e XXXVI Assembleia Ordin�ria do Parlatino,Miss�o Oficial,Daniella Ribeiro,Senador(a),Internacional,BSB/PTY/GRU,10/02/2022,12/02/2022,R$,"11.196,39",R$,"349,11",,,R$,"11.545,50",,,R$,"4,48",R$,"11.541,02",,,,,,,,R$,"11.541,02",
Comiss�o Permanente e XXXVI Assembleia Ordin�ria do Parlatino,Miss�o Oficial,Daniella Ribeiro,Senador(a),Seguro Viagem,BSB/PTY/GRU,10/02/2022,12/02/2022,R$,"214,54",R$,-,,,R$,"214,54",,,R$,-,R$,"214,54",,,,,,,,R$,"214,54",
"Foro Parlamentario de Inteligencia y Seguridad, cidade da Guatemala",Miss�o Oficial,Daniella Ribeiro,Senador(a),Internacional,REC/GRU/PTY/GUA,04/03/2022,05/03/2022,R$,"5.858,91",R$,"117,07",,,R$,"5.975,98",,,R$,"2,34",R$,"5.973,64",,,,,,,,R$,"5.973,64",
"Foro Parlamentario de Inteligencia y Seguridad, cidade da Guatemala",Miss�o Oficial,Daniella Ribeiro,Senador(a),Internacional,GUA/PTY/GRU/REC,07/03/2022,08/03/2022,R$,"4.795,06",R$,"784,78",,,R$,"5.579,84",,,R$,"1,92",R$,"5.577,92",,,,,,,,R$,"5.577,92",
"Foro Parlamentario de Inteligencia y Seguridad, cidade da Guatemala",Miss�o Oficial,Daniella Ribeiro,Senador(a),Seguro Viagem,AMERICA CENTRAL,04/03/2022,08/03/2022,R$,"240,99",R$,-,,,R$,"240,99",,,R$,-,R$,"240,99",,,,,,,,R$,"240,99",
Miss�o internacional � sede da HDT Bio Corp e � Universidade de Washington,Miss�o Oficial,Jaques Wagner,Senador(a),Seguro Viagem,EUA,12/02/2022,22/02/2022,R$,"978,36",R$,-,,,R$,"978,36",,,R$,-,R$,"978,36",,,,,,,,R$,"978,36",
GSMA MobileWord Congress-2023 e Ecossistema Inovador de Israel,Miss�o Oficial,Soraya Thronicke,Senador(a),Seguro Viagem,EUROPA,26/02/2022,08/03/2022,R$,"694,32",R$,-,,,R$,"694,32",,,R$,-,R$,"694,32",,,,,,,,R$,"694,32",
GSMA MobileWord Congress-2023 e Ecossistema Inovador de Israel,Miss�o Oficial,Soraya Thronicke,Senador(a),Seguro Viagem,EUROPA,26/02/2022,08/03/2022,R$,"192,45",R$,-,,,R$,"192,45",,,R$,-,R$,"192,45",,,,,,,,R$,"192,45",
GSMA MobileWord Congress-2023 e Ecossistema Inovador de Israel,Miss�o Oficial,Soraya Thronicke,Senador(a),Internacional,BSB/GRU/MAD/BCN,26/02/2022,,R$,"7.551,76",R$,"176,39",,,R$,"7.728,15",Econ�mica,,R$,"3,02",R$,"7.725,13",,,,,,,,R$,"7.725,13",
GSMA MobileWord Congress-2023 e Ecossistema Inovador de Israel,Miss�o Oficial,Soraya Thronicke,Senador(a),Internacional,BCN/TLV,03/03/2022,,R$,"1.173,91",R$,"126,64",,,R$,"1.300,55",Econ�mica,,R$,"0,47",R$,"1.300,08",,,,,,,,R$,"1.300,08",
GSMA MobileWord Congress-2023 e Ecossistema Inovador de Israel,Miss�o Oficial,Soraya Thronicke,Senador(a),Internacional,TLV/MAD/GRU,-,07/03/2022,R$,"3.167,20",R$,"1.596,26",,,R$,"4.763,46",Econ�mica,,R$,"1,27",R$,"4.762,19",,,,,,,,R$,"4.762,19",
GSMA MobileWord Congress-2023 e Ecossistema Inovador de Israel,Miss�o Oficial,Soraya Thronicke,Senador(a),Nacional,GRU/BSB,08/03/2022,,R$,"442,37",R$,"35,52",,,R$,"477,89",,,R$,"0,18",R$,"477,71",,,,,,,,R$,"477,71",
Segunda Asemblea Nacional del Movimiento de Regeneracion Nacional � MORENA,Miss�o Oficial,Humberto Costa,Senador(a),Internacional,MEX/PTY/GRU,04/03/2022,,R$,"1.499,39",R$,"400,88",,,R$,"1.900,27",Econ�mica,,R$,"0,60",R$,"1.899,67",,,,,,,,R$,"1.899,67",
Segunda Asemblea Nacional del Movimiento de Regeneracion Nacional � MORENA,Miss�o Oficial,Humberto Costa,Senador(a),Seguro Viagem,M�XICO,28/02/2022,05/03/2022,R$,"676,35",R$,-,,,R$,"676,35",,,R$,-,R$,"676,35",,,,,,,,R$,"676,35",
Representante do Senado Federal em visita t�cnica nos Portos de Portugal,Miss�o Oficial,Wellington Fagundes,Senador(a),Seguro Viagem,GRU/OPO/LIS/BSB,05/03/2022,14/03/2022,R$,"481,05",R$,-,,,R$,"481,05",,,R$,-,R$,"481,05",,,,"R$                        96,21",,,,R$,"384,84",
Representante do Senado Federal em visita t�cnica nos Portos de Portugal,Miss�o Oficial,Wellington Fagundes,Senador(a),Nacional,CGB/GRU,05/03/2022,05/03/2022,R$,"2.069,90",R$,"38,95",,,R$,"2.108,85",,,R$,"0,83",R$,"2.108,02",,,,,,,,R$,"2.108,02",
Representante do Senado Federal em visita t�cnica nos Portos de Portugal,Miss�o Oficial,Wellington Fagundes,Senador(a),Internacional,GRU/OPO/LIS/BSB,05/03/2022,14/03/2022,R$,"17.484,86",R$,"246,39",,,R$,"17.731,25",,,R$,"6,99",R$,"17.724,26",,,,"R$                  9.467,00",,,,R$,"8.257,26",
2022 International Partnering Forum,Miss�o Oficial,Carlos Portinho,Senador(a),Internacional,GRU/JFK/GRU,24/04/2022,03/05/2022,R$,"5.325,18",R$,"396,64",,,R$,"5.721,82",,,R$,"2,13",R$,"5.719,69",,,,,,,,R$,"5.719,69",
2022 International Partnering Forum,Miss�o Oficial,Carlos Portinho,Senador(a),Seguro Viagem,GRU/JFK/GRU,24/04/2022,04/05/2022,R$,"910,68",R$,-,,,R$,"910,68",,,R$,-,R$,"910,68",,,,"R$                     396,61",,,,R$,"514,07",
Reuni�es da Bancada Progressista e da LXXX Sess�o Ordin�ria do Parlasul,Miss�o Oficial,Humberto Costa,Senador(a),Internacional,GRU/MVD,02/04/2022,02/04/2022,R$,"946,47",R$,"62,86",,,R$,"1.009,33",,,R$,"0,38",R$,"1.008,95",,,,,,,,R$,"1.008,95",
Reuni�es da Bancada Progressista e da LXXX Sess�o Ordin�ria do Parlasul,Miss�o Oficial,Humberto Costa,Senador(a),Internacional,MVD/GRU,05/04/2022,05/04/2022,R$,"3.039,55",R$,"501,76",,,R$,"3.541,31",,,R$,"1,22",R$,"3.540,09",,,,,,,,R$,"3.540,09",
Reuni�es da Bancada Progressista e da LXXX Sess�o Ordin�ria do Parlasul,Miss�o Oficial,Humberto Costa,Senador(a),Seguro Viagem,AMERICA CENTRAL,02/04/2022,05/04/2022,R$,"212,83",R$,-,,,R$,"212,83",,,,,R$,"212,83",,,,,,,,R$,"212,83",
LXXX Sess�o Plen�ria do Parlamento do Mercosul,Miss�o Oficial,Fabiano Contarato,Senador(a),Internacional,VIX/VCP/POA/MVD,01/04/2022,01/04/2022,R$,"1.340,17",R$,"109,18",,,R$,"1.449,35",,,R$,"0,54",R$,"1.448,81",,,,,,,,R$,"1.448,81",
LXXX Sess�o Plen�ria do Parlamento do Mercosul,Miss�o Oficial,Fabiano Contarato,Senador(a),Internacional,MVD/POA/VCP/BSB,05/04/2022,05/04/2022,R$,"2.203,16",R$,"484,27",,,R$,"2.687,43",,,R$,"0,88",R$,"2.686,55",,,,,,,,R$,"2.686,55",
LXXX Sess�o Plen�ria do Parlamento do Mercosul,Miss�o Oficial,Fabiano Contarato,Senador(a),Seguro Viagem,VIX/VCP/POA/MVD/POA/VCP/BSB,01/04/2022,05/04/2022,R$,"272,53",R$,-,,,R$,"272,53",,,,,R$,"272,53",,,,,,,,R$,"272,53",
8� Brazil Conference - Boston/EUA,Miss�o Oficial,Daniella Ribeiro,Senador(a),Internacional,GRU/ORD/BOS/IAD/IAH/GRU,04/04/2022,11/04/2022,R$,"11.590,86",R$,"432,96",,,R$,"12.023,82",,,R$,"4,64",R$,"12.019,18",,,,,,,,R$,"12.019,18",
8� Brazil Conference - Boston/EUA,Miss�o Oficial,Daniella Ribeiro,Senador(a),Seguro Viagem,GRU/ORD/BOS/IAD/IAH/GRU,04/04/2022,12/04/2022,R$,"731,71",R$,-,,,R$,"731,71",,,R$,-,R$,"731,71",,,,,,,,R$,"731,71",
F�rum Internacional de Log�stica Multimodal Sustent�vel - FILMS,Miss�o Oficial,Nelsinho Trad,Senador(a),Nacional,BSB/VCP/IGU,13/05/2022,-,R$,"1.226,90",R$,"34,33",,,R$,"1.261,23",,,R$,"0,49",R$,"1.260,74",,,,,,,,R$,"1.260,74",
XIV Sess�o Especial e a LXXXI Sess�o Plen�ria do Parlamento do Mercosul,Miss�o Oficial,Nelsinho Trad,Senador(a),Internacional,IGU/GRU/MVD/GRU/BSB,14/05/2022,17/05/2022,R$,"2.129,24",R$,"296,56",,,R$,"2.425,80",,,R$,"0,85",R$,"2.424,95",,,,,,"R$                           1.148,26",,R$,"1.276,69",
Reuni�o de Mesa do Parlamento do Mercosul,Miss�o Oficial,Nelsinho Trad,Senador(a),Internacional,BSB/AEP/BSB,08/05/2022,11/05/2022,R$,"1.715,57",R$,"411,33",,,R$,"2.126,90",,,R$,"0,69",R$,"2.126,21",,,,,,,,R$,"2.126,21",
Reuni�o de Mesa do Parlamento do Mercosul,Miss�o Oficial,Nelsinho Trad,Senador(a),Seguro Viagem,ARGENTINA,08/05/2022,11/05/2022,R$,"145,90",R$,-,,,R$,"145,90",,,,,R$,"145,90",,,,,,,,R$,"145,90",
XIV Sess�o Especial e a LXXXI Sess�o Plen�ria do Parlamento do Mercosul,Miss�o Oficial,Fabiano Contarato,Senador(a),Internacional,VIX/VCP/POA/MVD,15/05/2022,,R$,"733,91",R$,"114,18",,,R$,"848,09",,,R$,"0,29",R$,"847,80",,,,,,"R$                               132,74",,R$,"715,06",
XIV Sess�o Especial e a LXXXI Sess�o Plen�ria do Parlamento do Mercosul,Miss�o Oficial,Fabiano Contarato,Senador(a),Internacional,MVD/POA/VCP/BSB,-,17/05/2022,R$,"673,14",R$,"347,53",,,R$,"1.020,67",,,R$,"0,27",R$,"1.020,40",,,,,,"R$                               347,53",,R$,"672,87",
8a Brazil Conference - Boston/EUA,Miss�o Oficial,Jaques Wagner,Senador(a),Seguro Viagem,EUA,07/04/2022,14/04/2022,R$,"1.087,34",R$,-,,,R$,"1.087,34",,,,,R$,"1.087,34",,,,,,,,R$,"1.087,34",
"Confer�ncia Internacional ""Rep�blia Checa e Iberoam�rica promoviendo - desarrollo, prosperidad y democracia""",Miss�o Oficial,Soraya Thronicke,Senador(a),Internacional,CGR/GRU/FRA/PRG/BCN/GRU/BSB,08/05/2022,16/05/2022,R$,"13.700,07",R$,"511,73",,,R$,"14.211,80",,,R$,"5,48",R$,"14.206,32",,,,,,,,R$,"14.206,32",
"Confer�ncia Internacional ""Rep�blia Checa e Iberoam�rica promoviendo - desarrollo, prosperidad y democracia""",Miss�o Oficial,Soraya Thronicke,Senador(a),Seguro Viagem,EUROPA,08/05/2022,16/05/2022,R$,"487,64",R$,-,,,R$,"487,64",,,,,R$,"487,64",,,,,,,,R$,"487,64",
F�rum Internacional de Log�stica Multimodal Sustent�vel - FILMS,Miss�o Oficial,Nelsinho Trad,Senador(a),Nacional,IGU/GRU/BSB,14/05/2022,-,R$,"1.567,90",R$,"38,86",,,R$,"1.606,76",,,R$,"0,63",R$,"1.606,13",,,,,,,,R$,"1.606,13",
Participar como observador internacional das elei��es da Rep�blica da Col�mbia,Miss�o Oficial,Humberto Costa,Senador(a),Internacional,GRU/BOG/LIM/GRU,26/05/2022,30/05/2022,R$,"6.606,90",R$,"350,97",,,R$,"6.957,87",,,R$,"2,64",R$,"6.955,23",,,,,,,,R$,"6.955,23",
Participar como observador internacional das elei��es da Rep�blica da Col�mbia,Miss�o Oficial,Humberto Costa,Senador(a),Nacional,GRU/BSB,-,31/05/2022,R$,"1.936,90",R$,"35,52",,,R$,"1.972,42",,,R$,"0,77",R$,"1.971,65",,,,,,,,R$,"1.971,65",
Participar como observador internacional das elei��es da Rep�blica da Col�mbia,Miss�o Oficial,Humberto Costa,Senador(a),Nacional,CGH/BSB,-,31/05/2022,R$,"1.558,55",R$,-,,,R$,"1.558,55",,,R$,"0,62",R$,"1.557,93",,,,,,,,R$,"1.557,93",
Participar como observador internacional das elei��es da Rep�blica da Col�mbia,Miss�o Oficial,Humberto Costa,Senador(a),Seguro Viagem,GRU/BOG/LIM/GRU,26/05/2022,31/05/2022,R$,"232,38",R$,-,,,R$,"232,38",,,,,R$,"232,38",,,,,,,,R$,"232,38",
LXXXI Sess�o Plen�ria do Parlamento doMercosul e do Semin�rio sobre Desafios da prote��o ao consumidor no com�rcio internacional,Miss�o Oficial,Nelsinho Trad,Senador(a),Internacional,BSB/GRU/MVD/GRU/BSB,03/06/2022,07/06/2022,R$,"2.587,81",R$,"305,55",,,R$,"2.893,36",,,R$,"1,04",R$,"2.892,32",,,,,,,,R$,"2.892,32",
LXXXI Sess�o Plen�ria do Parlamento doMercosul e do Semin�rio sobre Desafios da prote��o ao consumidor no com�rcio internacional,Miss�o Oficial,Nelsinho Trad,Senador(a),Seguro Viagem,BSB/GRU/MVD/GRU/BSB,03/06/2022,07/06/2022,R$,"190,54",R$,-,,,R$,"190,54",,,,,R$,"190,54",,,,"R$                        76,21",,,,R$,"114,33",
XXXV Encontro da Associa��o Brasileira das Escolas do Legislativo e de Contas (ABEL),Miss�o Oficial,Fabiano Contarato,Senador(a),Internacional,VIX/GRU/MVD/GRU/VIX,05/06/2022,08/06/2022,R$,"3.716,80",R$,"408,77",,,R$,"4.125,57",,,R$,"1,49",R$,"4.124,08",,,,,,,,R$,"4.124,08",
XXXV Encontro da Associa��o Brasileira das Escolas do Legislativo e de Contas (ABEL),Miss�o Oficial,Fabiano Contarato,Senador(a),Seguro Viagem,VIX/GRU/MVD/GRU/VIX,05/06/2022,08/06/2022,R$,"152,45",R$,-,,,R$,"152,45",,,,,R$,"152,45",,,,,,,,R$,"152,45",
II Congresso Internacional de Direito Desportivo do GEDD-FND/UFRJ,Miss�o Oficial,Carlos Portinho,Senador(a),Internacional,GIG/MAS/LIS/MAS/GIG,15/06/2022,21/06/2022,R$,"9.116,38",R$,"502,52",,,R$,"9.618,90",,,R$,"3,65",R$,"9.615,25",,,,,,,,R$,"9.615,25",
II Congresso Internacional de Direito Desportivo do GEDD-FND/UFRJ,Miss�o Oficial,Carlos Portinho,Senador(a),Seguro Viagem,EUROPA,15/06/2022,21/06/2022,R$,"266,77",R$,-,,,R$,"266,77",,,,,R$,"266,77",,,,"R$                        38,11",,,,R$,"228,66",
"LXXXI Sess�o Plen�ria do Parlamento do Mercosul, e do Semin�rio sobre Desafios da Prote��o ao Consumidor no Com�rcio Internacional",Miss�o Oficial,Lucas Barreto,Senador(a),Internacional,BSB/GRU/MVD,03/06/2022,-,R$,"1.352,83",R$,"34,33",,,R$,"1.387,16",,,R$,"0,54",R$,"1.386,62",,,,,,,,R$,"1.386,62",
"LXXXI Sess�o Plen�ria do Parlamento do Mercosul, e do Semin�rio sobre Desafios da Prote��o ao Consumidor no Com�rcio Internacional",Miss�o Oficial,Lucas Barreto,Senador(a),Internacional,MVD/GRU/BSB,07/06/2022,-,R$,"1.463,17",R$,"374,19",,,R$,"1.837,36",,,R$,"0,59",R$,"1.836,77",,,,,,,,R$,"1.836,77",
"LXXXI Sess�o Plen�ria do Parlamento do Mercosul, e do Semin�rio sobre Desafios da Prote��o ao Consumidor no Com�rcio Internacional",Miss�o Oficial,Lucas Barreto,Senador(a),Seguro Viagem,AMERICA DO SUL,03/06/2022,07/06/2022,R$,"187,42",R$,-,,,R$,"187,42",,,,,R$,"187,42",,,,"R$                        74,97",,,,R$,"112,45",
Participar da Bancada Progressista e da LXXXI Sess�o Plen�ria do Parlamento do Mercosul,Miss�o Oficial,Humberto Costa,Senador(a),Internacional,GRU/MVD/GRU,04/06/2022,07/06/2022,R$,"5.956,29",R$,"326,17",,,R$,"6.282,46",,,R$,"2,38",R$,"6.280,08",,,,,,,,R$,"6.280,08",
Participar da Bancada Progressista e da LXXXI Sess�o Plen�ria do Parlamento do Mercosul,Miss�o Oficial,Humberto Costa,Senador(a),Nacional,CGH/REC,08/06/2022,-,R$,"1.116,19",R$,"39,93",,,R$,"1.156,12",,,R$,"0,45",R$,"1.155,67",,,,,,,,R$,"1.155,67",
Participar da Bancada Progressista e da LXXXI Sess�o Plen�ria do Parlamento do Mercosul,Miss�o Oficial,Humberto Costa,Senador(a),Seguro Viagem,GRU/MVD/GRU/REC,04/06/2022,08/06/2022,R$,"149,33",R$,-,,,R$,"149,33",,,R$,-,R$,"149,33",,,,,,"R$                               149,33",,R$,-,
Encontros Bilaterais com membros da Assembleia Nacional da Rep�blica Bolivariana da Venezuela,Miss�o Oficial,Chico Rodrigues,Senador(a),Internacional,BSB/PTY/CCS/PTY/BSB,12/06/2022,19/06/2022,R$,"16.714,94",R$,"862,70",,,R$,"17.577,64",Executiva,,R$,"6,69",R$,"17.570,95",,,,,,"R$                               941,13",,R$,"16.629,82",
Encontros Bilaterais com membros da Assembleia Nacional da Rep�blica Bolivariana da Venezuela,Miss�o Oficial,Chico Rodrigues,Senador(a),Internacional,CCS/PTY/BSB,-,21/06/2022,R$,"4.851,30",R$,-,,,R$,"4.851,30",Executiva,,R$,"1,94",R$,"4.849,36",,,,,,,,R$,"4.849,36",
Encontros Bilaterais com membros da Assembleia Nacional da Rep�blica Bolivariana da Venezuela,Miss�o Oficial,Chico Rodrigues,Senador(a),Internacional,CCS/PTY/BSB,-,22/06/2022,R$,"4.714,82",R$,"776,51",,,R$,"5.491,33",Econ�mica,,R$,"1,89",R$,"5.489,44",,,,,,,,R$,"5.489,44",
Encontros Bilaterais com membros da Assembleia Nacional da Rep�blica Bolivariana da Venezuela,Miss�o Oficial,Chico Rodrigues,Senador(a),Seguro Viagem,BSB/PTY/CCS/PTY/BSB,12/06/2022,19/06/2022,R$,"781,55",R$,-,,,R$,"781,55",,,R$,"0,31",R$,"781,24",,,,,,,,R$,"781,24",
"Reuni�es Bilaterais com o Governo Brit�nico sobre os temas mudan�as clim�ticas, geopol�ticas, finan�as verdes e direitos humanos",Miss�o Oficial,Humberto Costa,Senador(a),Internacional,BSB/GRU/ZRH/LHR,24/06/2022,,R$,"8.112,66",R$,"290,57",,,R$,"8.403,23",,,R$,"3,25",R$,"8.399,98",,,,,,,,R$,"8.399,98",
"Reuni�es Bilaterais com o Governo Brit�nico sobre os temas mudan�as clim�ticas, geopol�ticas, finan�as verdes e direitos humanos",Miss�o Oficial,Humberto Costa,Senador(a),Internacional,LHR/GRU,-,30/06/2022,R$,"5.888,33",R$,"920,40",,,R$,"6.808,73",,,R$,"2,36",R$,"6.806,37",,,,,,,,R$,"6.806,37",
"Reuni�es Bilaterais com o Governo Brit�nico sobre os temas mudan�as clim�ticas, geopol�ticas, finan�as verdes e direitos humanos",Miss�o Oficial,Humberto Costa,Senador(a),Seguro Viagem,EUROPA,24/06/2022,01/07/2022,R$,"346,47",R$,-,,,R$,"346,47",,,R$,-,R$,"346,47",,,,,,,,R$,"346,47",
"F�rum Pol�tico de Alto N�vel das Na��es Unidas sobre Desenvolvimento Sustent�vel, a ser realizado na cidade de Nova York/Estado Unidos",Miss�o Oficial,Eliane Nogueira,Senador(a),Seguro Viagem,AMERICA DO NORTE,10/07/2022,18/07/2022,R$,"1.111,49",R$,-,,,R$,"1.111,49",,,R$,-,R$,"1.111,49",,,,"R$                     123,52",,,,R$,"987,97",
LXXXIII Sess�o Plen�ria do Parlamento do Mercosul,Miss�o Oficial,Nelsinho Trad,Senador(a),Internacional,GRU/MVD/GRU/BSB,07/08/2022,09/08/2022,R$,"4.824,73",R$,"724,59",,,R$,"5.549,32",,,R$,"1,93",R$,"5.547,39",,,,,,,,R$,"5.547,39",
LXXXIII Sess�o Plen�ria do Parlamento do Mercosul,Miss�o Oficial,Nelsinho Trad,Senador(a),Seguro Viagem,GRU/MVD/GRU/BSB,07/08/2022,09/08/2022,R$,"131,96",R$,-,,,R$,"131,96",,,R$,-,R$,"131,96",,,,,,,,R$,"131,96",
LXXXIII Sess�o Plen�ria do Parlamento do Mercosul,Miss�o Oficial,Fabiano Contarato,Senador(a),Internacional,VIX/CGH/GRU/MVD,07/08/2022,08/08/2022,R$,"2.341,07",R$,"104,35",,,R$,"2.445,42",,,R$,"0,94",R$,"2.444,48",,,,,,,,R$,"2.444,48",
LXXXIII Sess�o Plen�ria do Parlamento do Mercosul,Miss�o Oficial,Fabiano Contarato,Senador(a),Internacional,VIX/GRU/MVD,07/08/2022,-,R$,"2.730,49",R$,-,,,R$,"2.730,49",,,R$,"1,09",R$,"2.729,40",,,,,,,,R$,"2.729,40",
LXXXIII Sess�o Plen�ria do Parlamento do Mercosul,Miss�o Oficial,Fabiano Contarato,Senador(a),Internacional,MVD/GRU/BSB,09/08/2022,09/08/2022,R$,"3.243,94",R$,"542,99",,,R$,"3.786,93",,,R$,"1,30",R$,"3.785,63",,,,,,,,R$,"3.785,63",
LXXXIII Sess�o Plen�ria do Parlamento do Mercosul,Miss�o Oficial,Fabiano Contarato,Senador(a),Seguro Viagem,VIX/CGH/GRU/MVD/GRU/BSB,07/08/2022,09/08/2022,R$,"133,21",R$,-,,,R$,"133,21",,,R$,-,R$,"133,21",,,,,,,,R$,"133,21",
LXXXIII Sess�o Plen�ria do Parlamento do Mercosul,Miss�o Oficial,Fabiano Contarato,Senador(a),Nacional,GRU/VIX,09/08/2022,-,R$,"2.427,78",R$,"35,52",,,R$,"2.463,30",,,R$,"0,97",R$,"2.462,33",,,,,,,,R$,"2.462,33",
LXXXIII Sess�o Plen�ria do Parlamento do Mercosul,Miss�o Oficial,Humberto Costa,Senador(a),Internacional,GRU/MVD,06/08/2022,06/08/2022,R$,"1.606,50",R$,"62,86",,,R$,"1.669,36",,,R$,"0,64",R$,"1.668,72",,,,,,,,R$,"1.668,72",
LXXXIII Sess�o Plen�ria do Parlamento do Mercosul,Miss�o Oficial,Humberto Costa,Senador(a),Internacional,MVD/GRU,09/08/2022,09/08/2022,R$,"2.480,39",R$,"474,50",,,R$,"2.954,89",,,R$,"0,99",R$,"2.953,90",,,,,,,,R$,"2.953,90",
LXXXIII Sess�o Plen�ria do Parlamento do Mercosul,Miss�o Oficial,Humberto Costa,Senador(a),Seguro Viagem,GRU/MVD/GRU,06/08/2022,09/08/2022,R$,"177,64",R$,-,,,R$,"177,64",,,R$,-,R$,"177,64",,,,,,,,R$,"177,64",
LXXXIII Sess�o Plen�ria do Parlamento do Mercosul,Miss�o Oficial,Humberto Costa,Senador(a),Nacional,GRU/REC,09/08/2022,09/08/2022,R$,"1.596,21",R$,"35,52",,,R$,"1.631,73",,,R$,"0,64",R$,"1.631,09",,,,,,,,R$,"1.631,09",
27� Confer�ncia das Na��es Unidas sobre Mudan�as Clim�ticas (COP 27) - (Sharm El-Sheikh - Egito),Miss�o Oficial,Fabiano Contarato,Senador(a),Internacional,VIX/GRU/IST/CAI/SSH/CAI/IST/GRU/VIX,09/11/2022,21/11/2022,R$,"31.438,03",R$,"4.532,51",,,R$,"35.970,54",Executiva,,R$,"12,58",R$,"35.957,96",13/10/2022,,,,,,,R$,"35.957,96",
27� Confer�ncia das Na��es Unidas sobre Mudan�as Clim�ticas (COP 27) - (Sharm El-Sheikh - Egito),Miss�o Oficial,Fabiano Contarato,Senador(a),Internacional,VIX/GRU/IST/CAI,04/11/2022,06/11/2022,R$,"9.429,51",R$,-,R$,"676,88",R$,"10.106,39",Executiva,,R$,"3,77",R$,"10.102,62",,,,,,,,R$,"10.102,62",
27� Confer�ncia das Na��es Unidas sobre Mudan�as Clim�ticas (COP 27) - (Sharm El-Sheikh - Egito),Miss�o Oficial,Fabiano Contarato,Senador(a),Seguro Viagem,VIX/GRU/IST/CAI/SSH/CAI/IST/GRU/VIX,09/11/2022,21/11/2022,R$,"840,84",R$,-,,,R$,"840,84",Seguro Viagem,,R$,"0,34",R$,"840,50",,,,,,,,R$,"840,50",
27� Confer�ncia das Na��es Unidas sobre Mudan�as Clim�ticas (COP 27) - (Sharm El-Sheikh - Egito),Miss�o Oficial,Fabiano Contarato,Senador(a),Seguro Viagem,VIX/GRU/IST/CAI/SSH/CAI/IST/GRU/VIX,04/11/2022,08/11/2022,R$,"394,50",R$,-,,,R$,"394,50",Seguro Viagem,,,,R$,"394,50",,,,,,,,R$,"394,50",
Reuni�o da Mesa Diretora do Parlamento do Mercosul - Buenos Aires/Argentina,Miss�o Oficial,Nelsinho Trad,Senador(a),Internacional,BSB/AEP/GIG/BSB,16/10/2022,19/10/2022,R$,"3.530,14",R$,"499,11",,,R$,"4.029,25",Econ�mica,,R$,"1,41",R$,"4.027,84",,,,,,,,R$,"4.027,84",
Reuni�o da Mesa Diretora do Parlamento do Mercosul - Buenos Aires/Argentina,Miss�o Oficial,Nelsinho Trad,Senador(a),Seguro Viagem,BSB/AEP/GIG/BSB,16/10/2022,19/10/2022,R$,"174,94",,,,,R$,"174,94",,,,,R$,"174,94",,,,,,,,R$,"174,94",
27� Confer�ncia das Na��es Unidas sobre Mudan�as Clim�ticas (COP 27) - (Sharm El-Sheikh - Egito),Miss�o Oficial,Jaques Wagner,Senador(a),Seguro Viagem,EGITO,08/11/2022,13/11/2022,R$,"747,36",R$,-,,,R$,"747,36",Seguro Viagem,,R$,"0,30",R$,"747,06",,,,,,,,R$,"747,06",
"Assembleia Ordin�ria do Parlamento Amaz�nico (Parlamaz), Miss�o Parlamentar de Campo, cidade de Bogot�, na Col�mbia e tamb�m miss�o oficial na
cidade de Washington/EUA, para participar do Legislator�s Forum on Innovations in Democracy",Miss�o Oficial,Nelsinho Trad,Senador(a),Internacional,BSB/PTY/BOG/PTY/IAD/PTY/BSB,07/11/2022,18/11/2022,R$,"29.967,64",R$,"1.137,58",,,R$,"31.105,22",,,R$,"11,99",R$,"31.093,23",,,,,,,,R$,"31.093,23",
"Assembleia Ordin�ria do Parlamento Amaz�nico (Parlamaz), Miss�o Parlamentar de Campo, cidade de Bogot�, na Col�mbia e tamb�m miss�o oficial na cidade de Washington/EUA, para participar do Legislator�s Forum on Innovations in Democracy",Miss�o Oficial,Nelsinho Trad,Senador(a),Seguro Viagem,BSB/PTY/BOG/PTY/IAD/PTY/BSB,07/11/2022,18/11/2022,R$,"854,96",R$,-,,,R$,"854,96",,,R$,-,R$,"854,96",,,,,,,,R$,"854,96",
"Workshop �Legislator�s Forum on Innovations in Democracy�, bem como de encontro parlamentar para interc�mbio de pr�ticas democr�ticas",Miss�o Oficial,Humberto Costa,Senador(a),Nacional,REC/GIG,13/11/2022,13/11/2022,R$,"1.159,75",R$,"47,79",,,R$,"1.207,54",,,R$,"0,46",R$,"1.207,08",,,,,,,,R$,"1.207,08",
"Workshop �Legislator�s Forum on Innovations in Democracy�, bem como de encontro parlamentar para interc�mbio de pr�ticas democr�ticas",Miss�o Oficial,Humberto Costa,Senador(a),Internacional,GIG/IAH/IAD,13/11/2022,14/11/2022,R$,"2.316,56",R$,"285,90",,,R$,"2.602,46",,,R$,"0,93",R$,"2.601,53",,,,,,,,R$,"2.601,53",
"Workshop �Legislator�s Forum on Innovations in Democracy�, bem como de encontro parlamentar para interc�mbio de pr�ticas democr�ticas",Miss�o Oficial,Humberto Costa,Senador(a),Internacional,IAD/PTY/BSB,17/11/2022,18/11/2022,R$,"3.374,12",R$,"216,78",,,R$,"3.590,90",,,R$,"1,35",R$,"3.589,55",,,,,,,,R$,"3.589,55",
"Workshop �Legislator�s Forum on Innovations in Democracy�, bem como de encontro parlamentar para interc�mbio de pr�ticas democr�ticas",Miss�o Oficial,Humberto Costa,Senador(a),Seguro Viagem,REC/GIG/IAH/IAD/PTY/BSB,13/11/2022,18/11/2022,R$,"412,85",R$,-,,,R$,"412,85",,,R$,-,R$,"412,85",,,,,,,,R$,"412,85",
"LXXXIII Sess�o Plen�ria do Parlamento do Mercosul; e, reuni�o de Mesa Diretora",Miss�o Oficial,Rodrigo Cunha,Senador(a),Nacional,BSB/GRU,09/11/2022,09/11/2022,R$,"2.622,82",R$,"38,56",,,R$,"2.661,38",,,R$,"1,05",R$,"2.660,33",,,,,,,,R$,"2.660,33",
"LXXXIII Sess�o Plen�ria do Parlamento do Mercosul; e, reuni�o de Mesa Diretora",Miss�o Oficial,Rodrigo Cunha,Senador(a),Internacional,GRU/MVD,09/11/2022,09/11/2022,R$,"2.666,42",R$,"71,26",,,R$,"2.737,68",,,R$,"1,07",R$,"2.736,61",,,,,,,,R$,"2.736,61",
"LXXXIII Sess�o Plen�ria do Parlamento do Mercosul; e, reuni�o de Mesa Diretora",Miss�o Oficial,Rodrigo Cunha,Senador(a),Internacional,MVD/AEP/GIG/MCZ,13/11/2022,14/11/2022,R$,"2.292,25",R$,"351,99",,,R$,"2.644,24",,,R$,"0,92",R$,"2.643,32",,,,,,,,R$,"2.643,32",
"LXXXIII Sess�o Plen�ria do Parlamento do Mercosul; e, reuni�o de Mesa Diretora",Miss�o Oficial,Rodrigo Cunha,Senador(a),Internacional,AEP/GRU,15/11/2022,15/11/2022,R$,"1.000,24",,,,,R$,"1.000,24",,,R$,"0,40",R$,"999,84",,,,,,,,R$,"999,84",
"LXXXIII Sess�o Plen�ria do Parlamento do Mercosul; e, reuni�o de Mesa Diretora",Miss�o Oficial,Rodrigo Cunha,Senador(a),Seguro Viagem,BSB/GRU/MVD/AEP/GIG/MCZ,09/11/2022,14/11/2022,R$,"231,60",R$,-,,,R$,"231,60",,,R$,-,R$,"231,60",,,,,,,,R$,"231,60",
"LXXXIII Sess�o Plen�ria do Parlamento do Mercosul; e, reuni�o de Mesa Diretora",Miss�o Oficial,Rodrigo Cunha,Senador(a),Seguro Viagem,BSB/GRU/MVD/AEP/GIG/MCZ,14/11/2022,16/11/2022,R$,"111,68",R$,-,,,R$,"111,68",,,R$,-,R$,"111,68",,,,R$,"111,68",,,R$,-,
27� Confer�ncia das Na��es Unidas sobre Mudan�as Clim�ticas (COP 27) - (Sharm El-Sheikh - Egito),Miss�o Oficial,Alessandro Vieira,Senador(a),Internacional,AJU/GRU/DXB/CAI/SSH,10/11/2022,13/11/2022,R$,"7.207,93",R$,"1.387,91",,,R$,"8.595,84",,,R$,"2,88",R$,"8.592,96",,,,,,,,R$,"8.592,96",
27� Confer�ncia das Na��es Unidas sobre Mudan�as Clim�ticas (COP 27) - (Sharm El-Sheikh - Egito),Miss�o Oficial,Alessandro Vieira,Senador(a),Internacional,SSH/CAI/DXB/GRU/AJU,19/11/2022,21/11/2022,R$,"9.420,80",R$,"1.566,28",,,R$,"10.987,08",,,R$,"3,77",R$,"10.983,31",,,,,,,,R$,"10.983,31",
27� Confer�ncia das Na��es Unidas sobre Mudan�as Clim�ticas (COP 27) - (Sharm El-Sheikh - Egito),Miss�o Oficial,Alessandro Vieira,Senador(a),Seguro Viagem,AJU/GRU/DXB/CAI/SSH/CAI/DXB/GRU/AJU,10/11/2022,21/11/2022,R$,"740,16",R$,-,,,R$,"740,16",,,R$,-,R$,"740,16",,,,,,,,R$,"740,16",
Whashington Parliamentary Intelligence-Security Forum,Miss�o Oficial,Carlos Viana,Senador(a),Internacional,CNF/PTY/IAD/PTY/CNF,04/12/2022,09/12/2022,R$,"21.018,72",R$,"566,05",,,R$,"21.584,77",,,R$,"8,41",R$,"21.576,36",,,,,,,,R$,"21.576,36",
Whashington Parliamentary Intelligence-Security Forum,Miss�o Oficial,Carlos Viana,Senador(a),Internacional,CNF/PTY/IAD/MCO/PTY/CNF,04/12/2022,09/12/2022,R$,"339,52",R$,"26,53",,,R$,"366,05",,,,,R$,"366,05",,,,R$,"366,05",,,R$,-,
Whashington Parliamentary Intelligence-Security Forum,Miss�o Oficial,Carlos Viana,Senador(a),Seguro Viagem,CNF/PTY/IAD/PTY/CNF,04/12/2022,09/12/2022,R$,"431,50",R$,-,,,R$,"431,50",,,R$,-,R$,"431,50",,,,,,,,R$,"431,50",
27� Confer�ncia das Na��es Unidas sobre Mudan�as Clim�ticas (COP 27) - (Sharm El-Sheikh - Egito),Miss�o Oficial,Eliane Nogueira,Senador(a),Seguro Viagem,EGITO,09/11/2022,17/11/2022,R$,"1.149,12",R$,-,,,R$,"1.149,12",,,R$,-,R$,"1.149,12",,,,,,,,R$,"1.149,12",
27� Confer�ncia das Na��es Unidas sobre Mudan�as Clim�ticas (COP 27) - (Sharm El-Sheikh - Egito),Miss�o Oficial,Daniella Ribeiro,Senador(a),Internacional,GUR/CDG/CAI/CDG/GRU,09/11/2022,18/11/2022,R$,"24.867,98",R$,"771,82",,,R$,"25.639,80",,,R$,"9,95",R$,"25.629,85",,,,,,,,R$,"25.629,85",
27� Confer�ncia das Na��es Unidas sobre Mudan�as Clim�ticas (COP 27) - (Sharm El-Sheikh - Egito),Miss�o Oficial,Daniella Ribeiro,Senador(a),Internacional,CAI/SSH,11/11/2022,,R$,"291,56",R$,"156,74",,,R$,"448,30",,,R$,"0,12",R$,"448,18",,,,,,,,R$,"448,18",
27� Confer�ncia das Na��es Unidas sobre Mudan�as Clim�ticas (COP 27) - (Sharm El-Sheikh - Egito),Miss�o Oficial,Daniella Ribeiro,Senador(a),Internacional,SSH/CAI,,15/11/2022,R$,"303,82",R$,"272,02",,,R$,"575,84",,,R$,"0,12",R$,"575,72",,,,,,,,R$,"575,72",
27� Confer�ncia das Na��es Unidas sobre Mudan�as Clim�ticas (COP 27) - (Sharm El-Sheikh - Egito),Miss�o Oficial,Daniella Ribeiro,Senador(a),Seguro Viagem,EGITO,09/11/2022,15/11/2022,R$,"254,95",R$,-,,,R$,"254,95",,,R$,-,R$,"254,95",,,,,,,,R$,"254,95",
27� Confer�ncia das Na��es Unidas sobre Mudan�as Clim�ticas (COP 27) - (Sharm El-Sheikh - Egito),Miss�o Oficial,Daniella Ribeiro,Senador(a),Seguro Viagem,EGITO,16/11/2022,18/11/2022,R$,"109,32",R$,-,,,R$,"109,32",,,R$,-,R$,"109,32",,,,,,,,R$,"109,32",
LXXXIV Sess�o Plen�ria do Parlamento do Mercosul e Reuni�es de Comiss�es,Miss�o Oficial,Nelsinho Trad,Senador(a),Internacional,BSB/GRU/MVD/GRU/BSB,03/12/2022,06/11/2022,R$,"2.656,26",R$,-,,,R$,"2.656,26",,,R$,"1,06",R$,"2.655,20",,,,,,,,R$,"2.655,20",
LXXXIV Sess�o Plen�ria do Parlamento do Mercosul e Reuni�es de Comiss�es,Miss�o Oficial,Nelsinho Trad,Senador(a),Internacional,BSB/GRU/MVD/GRU/BSB,03/12/2022,07/11/2022,R$,"3.550,11",R$,"473,77",,,R$,"4.023,88",,,R$,"1,42",R$,"4.022,46",,,,,,,,R$,"4.022,46",
LXXXIV Sess�o Plen�ria do Parlamento do Mercosul e Reuni�es de Comiss�es,Miss�o Oficial,Nelsinho Trad,Senador(a),Seguro Viagem,BSB/GRU/MVD/GRU/BSB,03/11/2022,07/11/2022,R$,"402,00",R$,-,,,R$,"402,00",,,R$,"0,16",R$,"401,84",,,,,,,,R$,"401,84",
Reuni�es Ordin�rias dos �rg�os da Assembleia Parlamentar EuroLatino-Americano - EUROLAT,Miss�o Oficial,Daniella Ribeiro,Senador(a),Internacional,REC/LIS/BRU/LIS/REC,28/11/2022,03/12/2022,R$,"19.399,39",R$,"1.047,88",,,R$,"20.447,27",,,R$,"7,76",R$,"20.439,51",,,,,,,,R$,"20.439,51",
Reuni�es Ordin�rias dos �rg�os da Assembleia Parlamentar EuroLatino-Americano - EUROLAT,Miss�o Oficial,Daniella Ribeiro,Senador(a),Seguro Viagem,EUROPA,28/11/2022,03/12/2022,R$,"385,92",R$,-,,,R$,"385,92",,,R$,"0,15",R$,"385,77",,,,,,,,R$,"385,77",
LXXXIV Sess�o Plen�ria do Parlamento do Mercosul e Reuni�es de Comiss�es,Miss�o Oficial,Humberto Costa,Senador(a),Internacional,REC/MVD,04/12/2022,,R$,"1.619,07",R$,"82,70",,,R$,"1.701,77",,,R$,"0,65",R$,"1.701,12",,,,,,,,R$,"1.701,12",
LXXXIV Sess�o Plen�ria do Parlamento do Mercosul e Reuni�es de Comiss�es,Miss�o Oficial,Humberto Costa,Senador(a),Internacional,MVD/GRU,,06/12/2022,R$,"2.010,88",R$,"475,00",,,R$,"2.485,88",,,R$,"0,80",R$,"2.485,08",,,,,,,,R$,"2.485,08",
LXXXIV Sess�o Plen�ria do Parlamento do Mercosul e Reuni�es de Comiss�es,Miss�o Oficial,Humberto Costa,Senador(a),Seguro Viagem,MERCOSUL,04/12/2022,06/12/2022,R$,"402,00",R$,-,,,R$,"402,00",,,R$,"0,16",R$,"401,84",,,,,,,,R$,"401,84",
LXXXIV Sess�o Plen�ria do Parlamento do Mercosul e Reuni�es de Comiss�es,Atividade Administrativa,Fabiano Contarato,Senador(a),Internacional,VIX/GRU/MVD/GRU/VIX,04/12/2022,07/12/2022,R$,"2.816,29",R$,"477,20",,,R$,"3.293,49",,,R$,"1,13",R$,"3.292,36",Cancelado volta,,,,,,,R$,"3.292,36",
LXXXIV Sess�o Plen�ria do Parlamento do Mercosul e Reuni�es de Comiss�es,Atividade Administrativa,Fabiano Contarato,Senador(a),Internacional,MVD/POA/VCP/BSB,,06/12/2022,R$,"1.450,58",R$,"476,77",,,R$,"1.927,35",,,R$,"0,58",R$,"1.926,77",,,,,,,,R$,"1.926,77",
LXXXIV Sess�o Plen�ria do Parlamento do Mercosul e Reuni�es de Comiss�es,Atividade Administrativa,Fabiano Contarato,Senador(a),Seguro Viagem,MERCOSUL,04/12/2022,07/12/2022,R$,"321,60",R$,-,,,R$,"321,60",,,R$,"0,13",R$,"321,47",,,,,,,,R$,"321,47",
LXXXIV Sess�o Plen�ria do Parlamento do Mercosul e Reuni�es de Comiss�es,Atividade Administrativa,Rodrigo Cunha,Senador(a),Internacional,MCZ/GRU/MVD/GRU/BSB,03/12/2022,06/12/2022,R$,"6.395,65",R$,"922,45",,,R$,"7.318,10",,,R$,"2,56",R$,"7.315,54",Remarcado volta,,,,,,,R$,"7.315,54",
LXXXIV Sess�o Plen�ria do Parlamento do Mercosul e Reuni�es de Comiss�es,Atividade Administrativa,Rodrigo Cunha,Senador(a),Internacional,MVD/GRU/BSB,,06/12/2022,R$,"533,41",R$,-,,,R$,"533,41",,,,,R$,"533,41",,,,R$,"533,41",,,R$,-,
LXXXIV Sess�o Plen�ria do Parlamento do Mercosul e Reuni�es de Comiss�es,Atividade Administrativa,Rodrigo Cunha,Senador(a),Seguro Viagem,MERCOSUL,03/12/2022,06/12/2022,R$,"316,20",R$,-,,,R$,"316,20",,,R$,"0,13",R$,"316,07",,,,,,,,R$,"316,07",
