Motivo;Resumo do Motivo;Passageiro;Status do Passageiro;Tipo de Servi�o;Trechos;Data da Viagem;;Tarifa;Tx.de Embarque;RAV;Multa/Remarca��o;Total;Classe;Data do Cancelamento/ Remarca��o;GRU / UPGRADE de Classe;GRU / Diferen�a Tarif�ria;Valor do Reembolso;Custo Efetivo SF
F�rum Econ�mico Mundial e F�rum Aberto - Sui�a;Miss�o Oficial;H�lio Jos�;Senador(a);Internacional;BSB/GRU/AMSTERDAM/ZURICH/AMSTERDAM/FOR/BSB;21/01/2019;26/01/2018; R$8.744,51 ; R$406,56 ; R$0,01 ;; R$9.151,08 ;Executiva;;;;; R$9.151,08 
F�rum Econ�mico Mundial e F�rum Aberto - Sui�a;Miss�o Oficial;H�lio Jos�;Senador(a);Seguro Viagem;BSB/GRU/AMSTERDAM/ZURICH/AMSTERDAM/FOR/BSB;21/01/2019;26/01/2018; R$128,00 ; R$-   ; R$-   ;; R$128,00 ;Seguro Viagem;;;;; R$128,00 
Participar da delega��o brasileira do ''Bett Show UK� bem como do �7� Annual Cisco Education & Technology Leaders Delegation Latin America Study Tour� - Londres/Inglaterra;Miss�o Oficial;Walter Pinheiro;Senador(a);Nacional;SSA/GRU/SSA;18/01/2018;25/01/2018; R$1.564,03 ; R$62,02 ; R$0,01 ;; R$1.626,06 ;Econ�mica;;;;; R$1.626,06 
Emiss�o de passagem para senador que estar� no exerc�cio da Presid�ncia do Senado Federal;Miss�o Oficial;C�ssio Cunha Lima;Senador(a);Nacional;JPA/BSB;21/01/2019;21/01/2019; R$1.191,90 ; R$24,57 ; R$0,01 ;; R$1.216,48 ;Econ�mica;;;;; R$1.216,48 
Miss�o Oficial na Cidade de Jo�o Pessoa/PB;Miss�o Oficial;C�ssio Cunha Lima;Senador(a);Nacional;BSB/JPA;24/01/2019;24/01/2019; R$872,90 ; R$29,49 ; R$0,01 ;; R$902,40 ;Econ�mica;;;;; R$902,40 
Reuni�es e atividades diversas na sede do Parlamento Europeu;Miss�o Oficial;Humberto Costa;Senador(a);Internacional;REC/LIS/BRU/LIS/REC;17/02/2019;22/02/2019; R$2.737,52 ; R$397,92 ; R$0,01 ;; R$3.135,45 ;Econ�mica;;;;; R$3.135,45 
Reuni�es e atividades diversas na sede do Parlamento Europeu;Miss�o Oficial;Humberto Costa;Senador(a);Seguro Viagem;REC/LIS/BRU/LIS/REC;17/02/2019;22/02/2019; R$128,00 ; R$-   ; R$-   ;; R$128,00 ;Seguro Viagem;;;;; R$128,00 
GSMA Mobile World Congress-2019;Miss�o Oficial;Esperidi�o Amin;Senador(a);Internacional;FLN/GRU/BCN/GRU/FLN;24/02/2019;28/02/2019; R$29.984,31 ; R$264,92 ; R$0,01 ;; R$30.249,24 ;Executiva;;;;; R$30.249,24 
GSMA Mobile World Congress-2019;Miss�o Oficial;Esperidi�o Amin;Senador(a);Seguro Viagem;FLN/GRU/BCN/GRU/FLN;24/02/2019;28/02/2019; R$106,95 ; R$-   ; R$-   ;; R$106,95 ;Seguro Viagem;;;;; R$106,95 
GSMA Mobile World Congress-2019;Miss�o Oficial;Arolde de Oliveira;Senador(a);Internacional;GRU/BCN/GRU;23/02/2019;28/02/2019; R$17.441,49 ; R$202,41 ; R$0,01 ;; R$17.643,91 ;Executiva;;;;; R$17.643,91 
GSMA Mobile World Congress-2019;Miss�o Oficial;Arolde de Oliveira;Senador(a);Seguro Viagem;GRU/BCN/GRU;23/02/2019;28/02/2019; R$193,03 ; R$-   ; R$-   ;; R$193,03 ;Seguro Viagem;;;;; R$193,03 
Conven��o Anual da Prospectors and Developers Association of Canada � PDAC 2019;Miss�o Oficial;Chico Rodrigues;Senador(a);Internacional;BSB/GRU/TORONTO/GRU/BSB;01/03/2019;06/03/2019; R$29.141,95 ; R$1.371,00 ; R$0,01 ;; R$30.512,96 ;Executiva;;;;; R$30.512,96 
Conven��o Anual da Prospectors and Developers Association of Canada � PDAC 2019;Miss�o Oficial;Chico Rodrigues;Senador(a);Internacional;BSB/GRU/TORONTO/GRU/BSB;01/03/2019;06/03/2019; R$129,03 ; R$-   ; R$-   ;; R$129,03 ;Seguro Viagem;;;;; R$129,03 
63� per�odo das Sess�es da Comiss�o sobre Situa��o da mulher (Commission on the Status of Women � CSW) da Organiza��o das Na��es Unidas � ONU;Miss�o Oficial;Daniella Ribeiro;Senador(a);Internacional;REC/MCO/JFK/MCO/REC;10/03/2019;16/03/2019; R$14.608,76 ; R$416,94 ; R$0,01 ;; R$15.025,71 ;Executiva;;;;; R$15.025,71 
63� per�odo das Sess�es da Comiss�o sobre Situa��o da mulher (Commission on the Status of Women � CSW) da Organiza��o das Na��es Unidas � ONU;Miss�o Oficial;Daniella Ribeiro;Senador(a);Seguro Viagem;REC/MCO/JFK/MCO/REC;10/03/2019;16/03/2019; R$229,80 ; R$-   ; R$-   ;; R$229,80 ;Seguro Viagem;;;;; R$229,80 
63� per�odo das Sess�es da Comiss�o sobre Situa��o da mulher (Commission on the Status of Women � CSW) da Organiza��o das Na��es Unidas � ONU;Miss�o Oficial;Soraya Thronicke;Senador(a);Nacional;CGR/BSB;08/03/2019;08/03/2019; R$271,50 ; R$25,89 ; R$0,01 ;; R$297,40 ;Econ�mica;;;;; R$297,40 
63� per�odo das Sess�es da Comiss�o sobre Situa��o da mulher (Commission on the Status of Women � CSW) da Organiza��o das Na��es Unidas � ONU;Miss�o Oficial;Soraya Thronicke;Senador(a);Internacional;BSB/MCO/JFK/MCO/BSB;09/03/2019;14/03/2019; R$5.741,62 ; R$395,04 ; R$0,01 ;; R$6.136,67 ;Econ�mica;;;;; R$6.136,67 
63� per�odo das Sess�es da Comiss�o sobre Situa��o da mulher (Commission on the Status of Women � CSW) da Organiza��o das Na��es Unidas � ONU;Miss�o Oficial;Soraya Thronicke;Senador(a);Seguro Viagem;BSB/MCO/JFK/MCO/BSB;09/03/2019;14/03/2019; R$172,35 ; R$-   ; R$-   ;; R$172,35 ;Seguro Viagem;;;;; R$172,35 
"Proferir exposi��o sobre o tema �Uma perspectiva congressional sobre a
rela��o espacial Brasil-EUA� durante a C�pula Espacial Brasil-EUA";Miss�o Oficial;Roberto Rocha;Senador(a);Internacional;BSB/GRU/EWR/IAD/GRU/BSB;16/03/2019;21/03/2019; R$26.526,11 ; R$439,48 ; R$0,01 ;; R$26.965,60 ;Executiva;;;;; R$26.965,60 
"Proferir exposi��o sobre o tema �Uma perspectiva congressional sobre a
rela��o espacial Brasil-EUA� durante a C�pula Espacial Brasil-EUA";Miss�o Oficial;Roberto Rocha;Senador(a);Seguro Viagem;BSB/GRU/EWR/IAD/GRU/BSB;16/03/2019;21/03/2019; R$172,80 ; R$-   ; R$-   ;; R$172,80 ;Seguro Viagem;;;;; R$172,80 
5� edi��o do Brazil Conference at Havard & MIT;Miss�o Oficial;K�tia Abreu;Senador(a);Internacional;BSB/PTY/BOS/PTY/BSB;03/04/2019;08/04/2019; R$9.657,63 ; R$366,74 ; R$0,01 ;; R$10.024,38 ;Executiva;;;;; R$10.024,38 
5� edi��o do Brazil Conference at Havard & MIT;Miss�o Oficial;K�tia Abreu;Senador(a);Internacional;BSB/PTY/BOS;04/04/2019;08/04/2019; R$4.138,35 ; R$-   ; R$0,01 ; R$1.324,88 ; R$5.463,24 ;Executiva;;;;; R$5.463,24 
5� edi��o do Brazil Conference at Havard & MIT;Miss�o Oficial;K�tia Abreu;Senador(a);Seguro Viagem;BSB/PTY/BOS/PTY/BSB;04/04/2019;08/04/2019; R$146,63 ; R$-   ; R$-   ;; R$146,63 ;Seguro Viagem;;;;; R$146,63 
Reuni�es das Comiss�es Permanentes e da LXI Ordin�ria do Parlamento do Mercosul;Miss�o Oficial;Marcos do Val;Senador(a);Internacional;BSB/GRU/MVD/GRU/BSB;31/03/2019;02/04/2019; R$2.906,18 ; R$372,69 ; R$0,01 ;; R$3.278,88 ;Econ�mica;;;; R$1.297,01 ; R$1.981,87 
 140� Assembleia da Uni�o Interparlamentar e na Sess�o Ordin�ria do Grupo de Parlamentares da Am�rica Latina e do Caribe;Miss�o Oficial;Jarbas Vasconcelos;Senador(a);Internacional;BSB/GRU/IST/DOH/IST/GRU/REC;03/04/2019;12/04/2019; R$20.911,35 ; R$2.391,32 ; R$0,01 ;; R$23.302,68 ;Executiva;;;;; R$23.302,68 
 140� Assembleia da Uni�o Interparlamentar e na Sess�o Ordin�ria do Grupo de Parlamentares da Am�rica Latina e do Caribe;Miss�o Oficial;Jarbas Vasconcelos;Senador(a);Seguro Viagem;BSB/GRU/IST/DOH/IST/GRU/REC;03/04/2019;12/04/2019; R$325,88 ; R$-   ; R$-   ;; R$325,88 ;Seguro Viagem;;;;; R$325,88 
Reuni�es das Comiss�es Permanentes e da LXI Ordin�ria do Parlamento do Mercosul;Miss�o Oficial;Telm�rio Mota;Senador(a);Internacional;BSB/GRU/MVD/GRU/BSB;31/03/2019;02/04/2019; R$2.915,50 ; R$373,33 ; R$0,01 ;; R$3.288,84 ;Econ�mica;;;;; R$3.288,84 
Reuni�es das Comiss�es Permanentes e da LXI Ordin�ria do Parlamento do Mercosul;Miss�o Oficial;Telm�rio Mota;Senador(a);Seguro Viagem;BSB/GRU/MVD/GRU/BSB;31/03/2019;02/04/2019; R$113,56 ; R$-   ; R$-   ;; R$113,56 ;Seguro Viagem;;;;; R$113,56 
Reuni�es das Comiss�es Permanentes e da LXI Ordin�ria do Parlamento do Mercosul;Miss�o Oficial;Jaques Wagner;Senador(a);Internacional;SSA/GRU/MVD;31/03/2019;31/03/2019; R$3.013,26 ; R$143,31 ; R$0,01 ;; R$3.156,58 ;Econ�mica;;;;; R$3.156,58 
Reuni�es das Comiss�es Permanentes e da LXI Ordin�ria do Parlamento do Mercosul;Miss�o Oficial;Jaques Wagner;Senador(a);Internacional;MVD/GRU/BSB;02/04/2019;02/04/2019; R$2.898,45 ; R$448,35 ; R$0,01 ;; R$3.346,81 ;Econ�mica;;;;; R$3.346,81 
Reuni�es das Comiss�es Permanentes e da LXI Ordin�ria do Parlamento do Mercosul;Miss�o Oficial;Jaques Wagner;Senador(a);Seguro Viagem;SSA/GRU/MVD/GRU/BSB;31/03/2019;02/04/2019; R$112,41 ; R$-   ; R$-   ;; R$112,41 ;Seguro Viagem;;;;; R$112,41 
140� Assembleia da Uni�o Interparlamentar;Miss�o Oficial;Eduardo Braga;Senador(a);Internacional;GRU/DOH/GRU;04/04/2019;09/04/2019; R$31.481,43 ; R$2.321,89 ; R$0,01 ;; R$33.803,33 ;Executiva;;;;; R$33.803,33 
140� Assembleia da Uni�o Interparlamentar;Miss�o Oficial;Eduardo Braga;Senador(a);Internacional;GRU/DOH;05/04/2019;05/04/2019; R$-   ; R$-   ; R$0,01 ; R$2.706,27 ; R$2.706,28 ;Executiva;;;;; R$2.706,28 
140� Assembleia da Uni�o Interparlamentar;Miss�o Oficial;Eduardo Braga;Senador(a);Seguro Viagem;GRU/DOH/GRU;04/04/2019;09/04/2019; R$134,90 ; R$-   ; R$-   ;; R$134,90 ;Seguro Viagem;;;;; R$134,90 
Brazil Conference at Havard & MIT 2019;Miss�o Oficial;Jean Paul Prates;Senador(a);Internacional;BSB/PTY/BOS/PTY/BSB;03/04/2019;07/04/2019; R$2.299,05 ; R$368,86 ; R$0,01 ;; R$2.667,92 ;Econ�mica;;;;; R$2.667,92 
Brazil Conference at Havard & MIT 2019;Miss�o Oficial;Jean Paul Prates;Senador(a);Seguro Viagem;BSB/PTY/BOS/PTY/BSB;03/04/2019;09/04/2019; R$205,28 ; R$-   ; R$-   ;; R$205,28 ;Seguro Viagem;;;;; R$205,28 
140� Assembleia da Uni�o Interparlamentar;Miss�o Oficial;Antonio Anastasia;Senador(a);Internacional;GRU/IST/DOH/IST/BSB;04/04/2019;15/04/2019; R$16.943,74 ; R$2.287,21 ; R$0,01 ;; R$19.230,96 ;Executiva;;;;; R$19.230,96 
140� Assembleia da Uni�o Interparlamentar;Miss�o Oficial;Antonio Anastasia;Senador(a);Seguro Viagem;GRU/IST/DOH/IST/BSB;04/04/2019;15/04/2019; R$234,00 ; R$-   ; R$-   ;; R$234,00 ;Seguro Viagem;;; R$54,60 ;; R$179,40 
Representar o Senado Federal em Solenidade;Miss�o Oficial;Veneziano Vital do R�go;Senador(a);Nacional;BSB/REC;03/04/2019;03/04/2019; R$874,00 ; R$29,49 ; R$0,01 ;; R$903,50 ;Econ�mica;;;;; R$903,50 
Reuni�o da Junta Diretiva do Parlamento Latino-Americano e Caribenho;Miss�o Oficial;Antonio Anastasia;Senador(a);Internacional;BSB/PTY/CNF;26/04/2019;28/04/2019; R$8.972,73 ; R$326,95 ; R$0,01 ;; R$9.299,69 ;Executiva;;;;; R$9.299,69 
Reuni�o da Junta Diretiva do Parlamento Latino-Americano e Caribenho;Miss�o Oficial;Antonio Anastasia;Senador(a);Seguro Viagem;BSB/PTY/CNF;26/04/2019;29/04/2019; R$109,82 ; R$-   ; R$-   ;; R$109,82 ;Seguro Viagem;;;;; R$109,82 
Miss�o Oficial Internacional no Estado do Texas e Wassington;Miss�o Oficial;Marcos do Val;Senador(a);Internacional;BSB/MIA/AUS/DCA/MIA/BSB;25/04/2019;05/05/2019; R$5.201,89 ; R$391,09 ; R$0,01 ;; R$5.592,99 ;Econ�mica;;;;; R$5.592,99 
Miss�o Oficial Internacional no Estado do Texas e Wassington;Miss�o Oficial;Marcos do Val;Senador(a);Internacional;IAH/IAD;29/04/2019;29/04/2019; R$2.164,04 ; R$218,37 ; R$0,01 ;; R$2.382,42 ;Econ�mica;;;;; R$2.382,42 
Miss�o Oficial Internacional no Estado do Texas e Wassington;Miss�o Oficial;Marcos do Val;Senador(a);Seguro Viagem;BSB/MIA/AUS/IAH/IAD/DCA/MIA/BSB;25/04/2019;05/05/2019; R$237,77 ; R$-   ; R$-   ;; R$237,77 ;Seguro Viagem;;;;; R$237,77 
Participar do evento Col�quio Luso-Brasileiro de Direito Ambiental: Ambiente equilibrado como Direito Fuandamental;Miss�o Oficial;Fabiano Contarato;Senador(a);Internacional;BSB/LIS/GIG/VIX;01/05/2019;04/05/2019; R$7.275,94 ; R$273,32 ; R$0,01 ;; R$7.549,27 ;Econ�mica;;;;; R$7.549,27 
Participar do evento Col�quio Luso-Brasileiro de Direito Ambiental: Ambiente equilibrado como Direito Fuandamental;Miss�o Oficial;Fabiano Contarato;Senador(a);Seguro Viagem;BSB/LIS/GIG/VIX;01/05/2019;04/05/2019; R$93,10 ; R$-   ; R$-   ; R$-   ; R$93,10 ;Seguro Viagem;;;;; R$93,10 
Participar das Reuni�es das Comiss�es Permanentes e da LXII Sess�o Ordin�ria do Parlamento do Mercosul;Miss�o Oficial;Telm�rio Mota;Senador(a);Internacional;BSB/GRU/MVD;28/04/2019;28/04/2019; R$2.918,26 ; R$141,72 ; R$0,01 ;; R$3.059,99 ;Econ�mica;;;;; R$3.059,99 
Participar das Reuni�es das Comiss�es Permanentes e da LXII Sess�o Ordin�ria do Parlamento do Mercosul;Miss�o Oficial;Telm�rio Mota;Senador(a);Internacional;MVD/GRU/BSB/BVB;30/04/2019;01/05/2019; R$3.036,57 ; R$462,81 ; R$0,01 ;; R$3.499,39 ;Econ�mica;;;;; R$3.499,39 
Participar das Reuni�es das Comiss�es Permanentes e da LXII Sess�o Ordin�ria do Parlamento do Mercosul;Miss�o Oficial;Telm�rio Mota;Senador(a);Seguro Viagem;BSB/GRU/MVD/GRU/BSB/BVB;28/04/2019;01/05/2019; R$93,10 ; R$-   ; R$-   ;; R$93,10 ;Seguro Viagem;;;;; R$93,10 
Participar das Reuni�es das Comiss�es Permanentes e da LXII Sess�o Ordin�ria do Parlamento do Mercosul;Miss�o Oficial;Fl�vio Arns;Senador(a);Internacional;CWB/GRU/MVD/GRU/CWB;28/04/2019;30/04/2019; R$3.174,60 ; R$380,25 ; R$0,01 ;; R$3.554,86 ;Econ�mica;;;;; R$3.554,86 
Participar das Reuni�es das Comiss�es Permanentes e da LXII Sess�o Ordin�ria do Parlamento do Mercosul;Miss�o Oficial;Fl�vio Arns;Senador(a);Seguro Viagem;CWB/GRU/MVD/GRU/CWB;28/04/2019;30/04/2019; R$93,10 ; R$-   ; R$-   ;; R$93,10 ;Seguro Viagem;;;;; R$93,10 
Participar das Reuni�es das Comiss�es Permanentes e da LXII Sess�o Ordin�ria do Parlamento do Mercosul;Miss�o Oficial;Humberto Costa;Senador(a);Nacional;REC/GRU;27/04/2019;; R$1.223,90 ; R$32,95 ; R$0,01 ;; R$1.256,86 ;Econ�mica;;;;; R$1.256,86 
Participar das Reuni�es das Comiss�es Permanentes e da LXII Sess�o Ordin�ria do Parlamento do Mercosul;Miss�o Oficial;Humberto Costa;Senador(a);Nacional;GRU/REC;;01/05/2019; R$897,15 ; R$30,94 ; R$0,01 ;; R$928,10 ;Econ�mica;;;;; R$928,10 
Participar das Reuni�es das Comiss�es Permanentes e da LXII Sess�o Ordin�ria do Parlamento do Mercosul;Miss�o Oficial;Humberto Costa;Senador(a);Internacional;GRU/MVD/GRU;27/04/2019;30/04/2019; R$1.817,99 ; R$324,67 ; R$0,01 ;; R$2.142,67 ;Econ�mica;;;;; R$2.142,67 
Participar das Reuni�es das Comiss�es Permanentes e da LXII Sess�o Ordin�ria do Parlamento do Mercosul;Miss�o Oficial;Humberto Costa;Senador(a);Seguro Viagem;GRU/MVD/GRU;28/04/2019;30/04/2019; R$93,10 ; R$-   ; R$-   ;; R$93,10 ;Seguro Viagem;;;;; R$93,10 
Participar das Reuni�es das Comiss�es Permanentes e da LXII Sess�o Ordin�ria do Parlamento do Mercosul;Miss�o Oficial;Rodrigo Pacheco;Senador(a);Internacional;CNF/POA/MVD/POA/CNF;28/04/2019;30/04/2019; R$1.541,94 ; R$701,68 ; R$0,01 ;; R$2.243,63 ;Econ�mica;;;;; R$2.243,63 
Participar das Reuni�es das Comiss�es Permanentes e da LXII Sess�o Ordin�ria do Parlamento do Mercosul;Miss�o Oficial;Rodrigo Pacheco;Senador(a);Seguro Viagem;CNF/POA/MVD/POA/CNF;28/04/2019;30/04/2019; R$94,53 ; R$-   ; R$-   ;; R$94,53 ;Seguro Viagem;;;;; R$94,53 
Participar das Reuni�es das Comiss�es Permanentes e da LXII Sess�o Ordin�ria do Parlamento do Mercosul;Miss�o Oficial;Rodrigo Cunha;Senador(a);Internacional;GRU/MVD;26/04/2019;26/04/2019; R$2.804,95 ; R$112,23 ; R$0,01 ;; R$2.917,19 ;Econ�mica;;;;; R$2.917,19 
Participar das Reuni�es das Comiss�es Permanentes e da LXII Sess�o Ordin�ria do Parlamento do Mercosul;Miss�o Oficial;Rodrigo Cunha;Senador(a);Internacional;MVD/GRU/MCZ;30/04/2019;01/05/2019; R$2.591,80 ; R$430,43 ; R$0,01 ;; R$3.022,24 ;Econ�mica;;;;; R$3.022,24 
Participar das Reuni�es das Comiss�es Permanentes e da LXII Sess�o Ordin�ria do Parlamento do Mercosul;Miss�o Oficial;Rodrigo Cunha;Senador(a);Seguro Viagem;GRU/MVD/GRU/MCZ;26/04/2019;01/05/2019; R$113,43 ; R$-   ; R$-   ;; R$113,43 ;Seguro Viagem;;; R$18,90 ;; R$94,53 
Participar das Reuni�es das Comiss�es Permanentes e da LXII Sess�o Ordin�ria do Parlamento do Mercosul;Miss�o Oficial;M�rcio Bittar ;Senador(a);Internacional;BSB/GRU/MVD/GRU/BSB;28/04/2019;30/04/2019; R$4.105,67 ; R$377,79 ; R$0,01 ;; R$4.483,47 ;Econ�mica;;;;; R$4.483,47 
Participar das Reuni�es das Comiss�es Permanentes e da LXII Sess�o Ordin�ria do Parlamento do Mercosul;Miss�o Oficial;M�rcio Bittar ;Senador(a);Seguro Viagem;BSB/GRU/MVD/GRU/BSB;28/04/2019;30/04/2019; R$94,53 ; R$-   ; R$-   ;; R$94,53 ;Seguro Viagem;;;;; R$94,53 
Participar das Reuni�es das Comiss�es Permanentes e da LXII Sess�o Ordin�ria do Parlamento do Mercosul;Miss�o Oficial;Soraya Thronicke;Senador(a);Internacional;BSB/GRU/MVD/GIG/BSB;28/04/2019;30/04/2019; R$2.528,39 ; R$377,20 ; R$0,01 ;; R$2.905,60 ;Econ�mica;;;;; R$2.905,60 
Participar das Reuni�es das Comiss�es Permanentes e da LXII Sess�o Ordin�ria do Parlamento do Mercosul;Miss�o Oficial;Soraya Thronicke;Senador(a);Seguro Viagem;BSB/GRU/MVD/GIG/BSB;28/04/2019;30/04/2019; R$94,53 ; R$-   ; R$-   ;; R$94,53 ;Seguro Viagem;;;;; R$94,53 
Participar das Reuni�es das Comiss�es Permanentes e da LXII Sess�o Ordin�ria do Parlamento do Mercosul;Miss�o Oficial;Marcelo Castro;Senador(a);Internacional;BSB/GRU/MVD/GRU/BSB;28/04/2019;30/04/2019; R$5.072,65 ; R$377,79 ; R$0,01 ;; R$5.450,45 ;Econ�mica;;;;; R$5.450,45 
Participar das Reuni�es das Comiss�es Permanentes e da LXII Sess�o Ordin�ria do Parlamento do Mercosul;Miss�o Oficial;Marcelo Castro;Senador(a);Seguro Viagem;BSB/GRU/MVD/GRU/BSB;28/04/2019;30/04/2019; R$94,53 ; R$-   ; R$-   ;; R$94,53 ;Seguro Viagem;;;;; R$94,53 
Painel de Educa��o do Brazil Forum UK 2019, a ser realizado na London School of Economics and Politicall Science (LSE) e na Universidade de Oxford;Miss�o Oficial;Cid Gomes;Senador(a);Seguro Viagem;BSB/LHL/BSB;16/05/2019;26/06/2019; R$206,39 ; R$-   ; R$-   ;; R$206,39 ;Seguro Viagem;;; R$112,58 ;; R$93,81 
 Brazil Forum UK 2019, a ser realizado na London School of Economics and Politicall Science (LSE) e na Universidade de Oxford;Miss�o Oficial;Major Ol�mpio;Senador(a);Internacional;GRU/LIS/LCY/LIS/GRU;15/05/2019;20/05/2019; R$4.234,62 ; R$962,19 ; R$0,01 ;; R$5.196,82 ;Econ�mica;;;;; R$5.196,82 
 Brazil Forum UK 2019, a ser realizado na London School of Economics and Politicall Science (LSE) e na Universidade de Oxford;Miss�o Oficial;Major Ol�mpio;Senador(a);Seguro Viagem;GRU/LIS/LCY/LIS/GRU;15/05/2019;20/05/2019; R$112,58 ; R$-   ; R$-   ;; R$112,58 ;Seguro Viagem;;;;; R$112,58 
Thaifex - World of Food Asma 2019 e Miss�o oficial � Singapura;Miss�o Oficial;Roberto Rocha;Senador(a);Internacional;BSB/GRU/ADD/SIN/BKK/ADD/GRU/BSB;23/05/2019;30/05/2019; R$16.219,76 ; R$276,23 ; R$0,01 ;; R$16.496,00 ;Executiva;;;; R$6.254,43 ; R$10.241,57 
Thaifex - World of Food Asma 2019 e Miss�o oficial � Singapura;Miss�o Oficial;Roberto Rocha;Senador(a);Internacional;SIN/BKK;27/05/2019;; R$3.141,44 ; R$532,44 ; R$0,01 ;; R$3.673,89 ;Executiva;;;;; R$3.673,89 
Thaifex - World of Food Asma 2019 e Miss�o oficial � Singapura;Miss�o Oficial;Roberto Rocha;Senador(a);Seguro Viagem;BSB/GRU/ADD/SIN/BKK/ADD/GRU/BSB;23/05/2019;30/05/2019; R$172,28 ; R$-   ; R$-   ;; R$172,28 ;Seguro Viagem;;;;; R$172,28 
Reuni�es das Comiss�es Permanentes e da LXIII Sess�o Ordin�ria do Parlamento do Mercosul;Miss�o Oficial;M�rcio Bittar ;Senador(a);Internacional;BSB/GRU/MVD/GRU/BSB;29/05/2019;31/05/2019; R$2.254,59 ; R$384,07 ; R$0,01 ;; R$2.638,67 ;Econ�mica;;;;; R$2.638,67 
Reuni�es das Comiss�es Permanentes e da LXIII Sess�o Ordin�ria do Parlamento do Mercosul;Miss�o Oficial;M�rcio Bittar ;Senador(a);Seguro Viagem;BSB/GRU/MVD/GRU/BSB;29/05/2019;31/05/2019; R$97,37 ; R$-   ; R$-   ;; R$97,37 ;Seguro Viagem;;;;; R$97,37 
Reuni�es das Comiss�es Permanentes e da LXIII Sess�o Ordin�ria do Parlamento do Mercosul;Miss�o Oficial;Nelsinho Trad;Senador(a);Internacional;BSB/GRU/MVD/GRU/BSB;29/05/2019;01/06/2019; R$2.278,61 ; R$385,17 ; R$0,01 ;; R$2.663,79 ;Econ�mica;;;;; R$2.663,79 
Reuni�es das Comiss�es Permanentes e da LXIII Sess�o Ordin�ria do Parlamento do Mercosul;Miss�o Oficial;Nelsinho Trad;Senador(a);Seguro Viagem;BSB/GRU/MVD/GRU/BSB;29/05/2019;01/06/2019; R$95,95 ; R$-   ; R$-   ;; R$95,95 ;Seguro Viagem;;;;; R$95,95 
Reuni�es das Comiss�es Permanentes e da LXIII Sess�o Ordin�ria do Parlamento do Mercosul;Miss�o Oficial;Humberto Costa;Senador(a);Internacional;BSB/GRU/MVD/GRU/BSB;29/05/2019;02/06/2019; R$3.350,17 ; R$385,17 ; R$0,01 ;; R$3.735,35 ;Econ�mica;;;;; R$3.735,35 
Reuni�es das Comiss�es Permanentes e da LXIII Sess�o Ordin�ria do Parlamento do Mercosul;Miss�o Oficial;Humberto Costa;Senador(a);Seguro Viagem;BSB/GRU/MVD/GRU/BSB;29/05/2019;02/06/2019; R$95,95 ; R$-   ; R$-   ;; R$95,95 ;Seguro Viagem;;;;; R$95,95 
Participar das Reuni�es das Comiss�es Permanentes e da LXIII Sess�o Ordin�ria do Parlamento do Mercosul;Miss�o Oficial;Telm�rio Mota;Senador(a);Internacional;BVB/BSB/GRU/MVD/;29/05/2019;; R$3.773,38 ; R$153,51 ; R$0,01 ;; R$3.926,90 ;Econ�mica;;;;; R$3.926,90 
Participar das Reuni�es das Comiss�es Permanentes e da LXIII Sess�o Ordin�ria do Parlamento do Mercosul;Miss�o Oficial;Telm�rio Mota;Senador(a);Internacional;BSB/GRU/MVD/;29/05/2019;; R$-   ; R$-   ; R$0,01 ;; R$0,01 ;Econ�mica;;;;; R$0,01 
Participar das Reuni�es das Comiss�es Permanentes e da LXII Sess�o Ordin�ria do Parlamento do Mercosul;Miss�o Oficial;Telm�rio Mota;Senador(a);Internacional;MVD/GRU/BSB;;01/06/2019; R$2.979,13 ; R$465,61 ; R$0,01 ;; R$3.444,75 ;Econ�mica;;;;; R$3.444,75 
Participar das Reuni�es das Comiss�es Permanentes e da LXII Sess�o Ordin�ria do Parlamento do Mercosul;Miss�o Oficial;Telm�rio Mota;Senador(a);Internacional;MVD/GRU/BSB;;01/06/2019;;; R$0,01 ; R$284,28 ; R$284,29 ;Econ�mica;;;;; R$284,29 
Participar das Reuni�es das Comiss�es Permanentes e da LXII Sess�o Ordin�ria do Parlamento do Mercosul;Miss�o Oficial;Telm�rio Mota;Senador(a);Seguro Viagem;BVB/BSB/GRU/MVD/GRU/BSB;29/05/2019;01/06/2019; R$95,95 ; R$-   ; R$-   ;; R$95,95 ;Seguro Viagem;;;;; R$95,95 
Participar das Reuni�es das Comiss�es Permanentes e da LXII Sess�o Ordin�ria do Parlamento do Mercosul;Miss�o Oficial;Telm�rio Mota;Senador(a);Internacional;MVD/GRU/BSB;31/05/2019;31/05/2019;; R$-   ; R$0,01 ; R$320,79 ; R$320,80 ;Econ�mica;;;;; R$320,80 
6� Encontro sobre Potencial da Di�spora Libanesa;Miss�o Oficial;Nelsinho Trad;Senador(a);internacional;BSB/GIG/CDGBEY/CDG/GIG/BSB;05/06/2019;10/06/2019; R$27.787,86 ; R$700,10 ; R$0,01 ;; R$28.487,97 ;Executiva;;;;; R$28.487,97 
6� Encontro sobre Potencial da Di�spora Libanesa;Miss�o Oficial;Nelsinho Trad;Senador(a);Seguro Viagem;BSB/GIG/CDGBEY/CDG/GIG/BSB;05/06/2019;10/06/2019; R$115,14 ; R$-   ; R$-   ;; R$115,14 ;Seguro Viagem;;;;; R$115,14 
Reuni�es das Comiss�es Permanentes e da LXIII Sess�o Ordin�ria do Parlamento do Mercosul;Miss�o Oficial;Marcelo Castro;Senador(a);internacional;BSB/GRU/MVD;30/05/2019;31/05/2019; R$3.342,32 ; R$150,05 ; R$0,01 ;; R$3.492,38 ;Econ�mica;;;; R$1.150,72 ; R$2.341,66 
Reuni�es das Comiss�es Permanentes e da LXIII Sess�o Ordin�ria do Parlamento do Mercosul;Miss�o Oficial;Marcelo Castro;Senador(a);internacional;MVD/GRU/BSB;03/06/2019;03/06/2019; R$2.936,64 ; R$459,41 ; R$0,01 ;; R$3.396,06 ;Econ�mica;;;; R$1.504,18 ; R$1.891,88 
Reuni�es das Comiss�es Permanentes e da LXIII Sess�o Ordin�ria do Parlamento do Mercosul;Miss�o Oficial;Marcelo Castro;Senador(a);Seguro Viagem;BSB/GRU/MVD/GRU/BSB;30/05/2019;03/06/2019; R$80,80 ; R$-   ; R$-   ;; R$80,80 ;Seguro Viagem;;;; R$80,80 ; R$-   
Participar de miss�o oficial do Governo da Bahia, a realizar-se na Rep�blica Popular da China;Miss�o Oficial;Jaques Wagner;Senador(a);Internacional;SSA/LIS;09/05/2019;09/05/2019; R$5.329,19 ; R$118,53 ; R$0,01 ;; R$5.447,73 ;Executiva;;;;; R$5.447,73 
Participar de miss�o oficial do Governo da Bahia, a realizar-se na Rep�blica Popular da China;Miss�o Oficial;Jaques Wagner;Senador(a);Internacional;LIS/MUC/PEK;10/05/2019;10/05/2019; R$8.290,28 ; R$1.311,99 ; R$0,01 ;; R$9.602,28 ;Executiva;;;;; R$9.602,28 
Participar de miss�o oficial do Governo da Bahia, a realizar-se na Rep�blica Popular da China;Miss�o Oficial;Jaques Wagner;Senador(a);Internacional;HKG/LAX;15/05/2019;15/05/2019; R$8.335,34 ; R$594,05 ; R$0,01 ;; R$8.929,40 ;Executiva;;;;; R$8.929,40 
Participar de miss�o oficial do Governo da Bahia, a realizar-se na Rep�blica Popular da China;Miss�o Oficial;Jaques Wagner;Senador(a);Internacional;LAX/PTY/BSB;19/05/2019;20/05/2019; R$8.586,58 ; R$275,50 ; R$0,01 ;; R$8.862,09 ;Executiva;;;;; R$8.862,09 
Participar de miss�o oficial do Governo da Bahia, a realizar-se na Rep�blica Popular da China;Miss�o Oficial;Jaques Wagner;Senador(a);Internacional;PEK/SZX;13/05/2019;13/05/2019; R$4.416,26 ; R$423,32 ; R$0,01 ;; R$4.839,59 ;Executiva;;;;; R$4.839,59 
Participar de miss�o oficial do Governo da Bahia, a realizar-se na Rep�blica Popular da China;Miss�o Oficial;Jaques Wagner;Senador(a);Seguro Viagem;SSA/LIS/MUC/PEK/HKG/LA/PTY;09/05/2019;21/05/2019; R$281,00 ; R$-   ; R$-   ;; R$281,00 ;Seguro Viagem;;;;; R$281,00 
12� Confer�ncia dos Estados Partes da Conven��o sobre os Direitos das Pessoas com Defici�ncia;Miss�o Oficial;Mara Gabrilli;Senador(a);Internacional;GRU/JFK/GRU;10/06/2019;15/06/2019; R$24.166,21 ; R$378,00 ; R$0,01 ;; R$24.544,22 ;Executiva;;;;; R$24.544,22 
LXIII Sess�o Ordin�ria do Parlamento do Mercosul;Miss�o Oficial;Jaques Wagner;Senador(a);Internacional;BSB/GRU/MVD;30/05/2019;; R$2.983,83 ; R$141,72 ; R$0,01 ;; R$3.125,56 ;Econ�mica;;;; R$855,67 ; R$2.269,89 
LXIII Sess�o Ordin�ria do Parlamento do Mercosul;Miss�o Oficial;Jaques Wagner;Senador(a);Internacional;MVD/POA;;31/05/2019; R$486,54 ; R$562,28 ; R$0,01 ;; R$1.048,83 ;Econ�mica;;;; R$541,65 ; R$507,18 
LXIII Sess�o Ordin�ria do Parlamento do Mercosul;Miss�o Oficial;Jaques Wagner;Senador(a);Nacional;POA/CGH;31/05/2019;31/05/2019; R$1.344,90 ; R$31,08 ; R$0,01 ;; R$1.375,99 ;Econ�mica;;;; R$449,04 ; R$926,95 
LXIII Sess�o Ordin�ria do Parlamento do Mercosul;Miss�o Oficial;Jaques Wagner;Senador(a);Nacional;CGH/SSA;31/05/2019;31/05/2019; R$1.712,92 ; R$32,95 ; R$0,01 ;; R$1.745,88 ;Econ�mica;;;; R$718,12 ; R$1.027,76 
LXIII Sess�o Ordin�ria do Parlamento do Mercosul;Miss�o Oficial;Jaques Wagner;Senador(a);Seguro Viagem;BSB/GRU/MVD/POA;30/05/2019;31/05/2019; R$95,71 ; R$-   ; R$-   ;; R$95,71 ;Seguro Viagem;Conforme e-mail da AEROTUR, de acordo com a pol�tica de cancelamento, ap�s o in�cio da vig�ncia n�o tem como cancelar o seguro;;; R$-   ; R$95,71 
XXXV Assembleia do Parlamento Latino-Americano e Caribenho � Parlatino, bem como da Reuni�o Extraordin�ria daComiss�o de Seguridade Cidad�, Combate a Preven��o ao Narcotr�fico, ao Terrorismo e ao Crime Organizado;Miss�o Oficial;Arolde de Oliveira ;Senador(a);Internacional;BSB/PTY/GIG;13/06/2019;16/06/2019; R$8.582,60 ; R$337,47 ; R$0,01 ;; R$8.920,08 ;Executiva;;;;; R$8.920,08 
XXXV Assembleia do Parlamento Latino-Americano e Caribenho � Parlatino, bem como da Reuni�o Extraordin�ria daComiss�o de Seguridade Cidad�, Combate a Preven��o ao Narcotr�fico, ao Terrorismo e ao Crime Organizado;Miss�o Oficial;Arolde de Oliveira ;Senador(a);Seguro Viagem;BSB/PTY/GIG;13/06/2019;16/06/2019; R$143,23 ; R$-   ; R$-   ;; R$143,23 ;Seguro Viagem;;;;; R$143,23 
 Miss�o oficial, a convite do Presidente da Comiss�o de Rela��es Exteriores do Congresso Peruano;Miss�o Oficial;M�rcio Bittar ;Senador(a);Internacional;BSB/GRU/LIM/GRU/BSB;09/06/2019;15/06/2019; R$3.812,66 ; R$362,54 ; R$0,01 ;; R$4.175,21 ;Econ�mica;;;;; R$4.175,21 
 Miss�o oficial, a convite do Presidente da Comiss�o de Rela��es Exteriores do Congresso Peruano;Miss�o Oficial;M�rcio Bittar ;Senador(a);Seguro Viagem;BSB/GRU/LIM/GRU/BSB;09/06/2019;15/06/2019; R$132,00 ; R$-   ; R$-   ;; R$132,00 ;Seguro Viagem;;;;; R$132,00 
Reuni�o da Junta Diretiva, bem como, da XXXV Assembleia Ordin�ria do Parlamento Latino-Americano e Caribenho �Parlatino, a serem realizadas no per�odo de 13 a 15 de junho de 2019, na cidade do Panam�.;Miss�o Oficial;Antonio Anastasia;Senador(a);Internacional;BSB/PTY/CNF;13/06/2019;16/06/2019; R$9.351,81 ; R$495,63 ; R$0,01 ;; R$9.847,45 ;Executiva;;;;; R$9.847,45 
Reuni�o da Junta Diretiva, bem como, da XXXV Assembleia Ordin�ria do Parlamento Latino-Americano e Caribenho �Parlatino, a serem realizadas no per�odo de 13 a 15 de junho de 2019, na cidade do Panam�.;Miss�o Oficial;Antonio Anastasia;Senador(a);Seguro Viagem;BSB/PTY/CNF;13/06/2019;16/06/2019; R$94,29 ; R$-   ; R$-   ;; R$94,29 ;Seguro Viagem;;;;; R$94,29 
 XXXV Assembleia do Parlamento Latino-Americano e Caribenho � Parlatino, bem como da Reuni�o Extraordin�ria da Comiss�o de Seguridade Cidad�, Combate a Preven��o ao Narcotr�fico, ao Terrorismo e ao Crime Organizado;Miss�o Oficial;Elmano Ferrer;Senador(a);Internacional;BSB/PTY/BSB;13/06/2019;16/06/2019; R$5.722,98 ; R$495,63 ; R$0,01 ;; R$6.218,62 ;Executiva;;;;; R$6.218,62 
 XXXV Assembleia do Parlamento Latino-Americano e Caribenho � Parlatino, bem como da Reuni�o Extraordin�ria da Comiss�o de Seguridade Cidad�, Combate a Preven��o ao Narcotr�fico, ao Terrorismo e ao Crime Organizado;Miss�o Oficial;Elmano Ferrer;Senador(a);Seguro Viagem;BSB/PTY/BSB;13/06/2019;16/06/2019; R$141,45 ; R$-   ; R$-   ;; R$141,45 ;Seguro Viagem;;;;; R$141,45 
XXXV Assembleia do Parlamento Latino-Americano e Caribenho � Parlatino, bem como da Reuni�o Extraordin�ria da Comiss�o de Seguridade Cidad�, combate a preven��o do tr�fico de drogas, terrorismo e criminalidade organizada;Miss�o Oficial;K�tia Abreu;Senador(a);Internacional;BSB/PTY/BSB;13/06/2019;16/06/2019; R$8.051,68 ; R$328,93 ; R$0,01 ;; R$8.380,62 ;Executiva;;;;; R$8.380,62 
XXXV Assembleia do Parlamento Latino-Americano e Caribenho � Parlatino, bem como da Reuni�o Extraordin�ria da Comiss�o de Seguridade Cidad�, combate a preven��o do tr�fico de drogas, terrorismo e criminalidade organizada;Miss�o Oficial;K�tia Abreu;Senador(a);Seguro Viagem;BSB/PTY/BSB;13/06/2019;16/06/2019; R$91,44 ; R$-   ; R$-   ;; R$91,44 ;Seguro Viagem;;;;; R$91,44 
Participar da 12� Confer�ncia dos Estados-Partes da Conven��o das Na��es Unidas sobre os Direitos da Pessoa com Defici�ncia;Miss�o Oficial;Rom�rio Faria;Senador(a);Internacional;GIG/PTY/JFK/PTY/GIG;10/06/2019;14/06/2019; R$20.160,75 ; R$377,15 ; R$0,01 ;; R$20.537,91 ;Executiva;;;;; R$20.537,91 
Participar da 12� Confer�ncia dos Estados-Partes da Conven��o das Na��es Unidas sobre os Direitos da Pessoa com Defici�ncia;Miss�o Oficial;Rom�rio Faria;Senador(a);Seguro Viagem;GIG/PTY/JFK/PTY/GIG;10/06/2019;14/06/2019; R$128,04 ; R$-   ; R$-   ;; R$128,04 ;Seguro Viagem;;;;; R$128,04 
Participar das Reuni�es das Comiss�es Permanentes e da LXIV Sess�o Ordin�ria do Parlamento do Mercosul;Miss�o Oficial;Rodrigo Cunha;Senador(a);Internacional;MCZ/GRU/MVD;16/06/2019;16/06/2019; R$2.928,65 ; R$145,18 ; R$0,01 ;; R$3.073,84 ;Econ�mica;;;;; R$3.073,84 
Participar das Reuni�es das Comiss�es Permanentes e da LXIV Sess�o Ordin�ria do Parlamento do Mercosul;Miss�o Oficial;Rodrigo Cunha;Senador(a);Internacional;MVD/GRU/BSB;18/06/2019;18/06/2019; R$2.831,67 ; R$444,09 ; R$0,01 ;; R$3.275,77 ;Econ�mica;;;;; R$3.275,77 
Participar das Reuni�es das Comiss�es Permanentes e da LXIV Sess�o Ordin�ria do Parlamento do Mercosul;Miss�o Oficial;Rodrigo Cunha;Senador(a);Seguro Viagem;MCZ/GRU/MVD/GRU/BSB;16/06/2019;18/06/2019; R$91,44 ; R$-   ; R$-   ;; R$91,44 ;Seguro Viagem;;;;; R$91,44 
Participar das Reuni�es das Comiss�es Permanentes da Mesa Diretora do observat�rio da democracia e da LXIV Sess�o Ordin�ria do Parlamento do Mercosul;Miss�o Oficial;Nelsinho Trad;Senador(a);Internacional;CGR/GRU;15/06/2019;15/06/2019; R$1.523,77 ; R$25,89 ; R$0,01 ;; R$1.549,67 ;Econ�mica;;;;; R$1.549,67 
Participar das Reuni�es das Comiss�es Permanentes da Mesa Diretora do observat�rio da democracia e da LXIV Sess�o Ordin�ria do Parlamento do Mercosul;Miss�o Oficial;Nelsinho Trad;Senador(a);Internacional;GRU/MVD;15/06/2019;16/06/2019; R$2.764,48 ; R$112,23 ; R$0,01 ;; R$2.876,72 ;Econ�mica;;;;; R$2.876,72 
Participar das Reuni�es das Comiss�es Permanentes da Mesa Diretora do observat�rio da democracia e da LXIV Sess�o Ordin�ria do Parlamento do Mercosul;Miss�o Oficial;Nelsinho Trad;Senador(a);Internacional;MVD/GRU/BSB;17/06/2019;17/06/2019; R$2.822,47 ; R$442,75 ; R$0,01 ;; R$3.265,23 ;Econ�mica;;;;; R$3.265,23 
Participar das Reuni�es das Comiss�es Permanentes da Mesa Diretora do observat�rio da democracia e da LXIV Sess�o Ordin�ria do Parlamento do Mercosul;Miss�o Oficial;Nelsinho Trad;Senador(a);Seguro Viagem;CGR/GRU/MVD/GRU/BSB;15/06/2019;17/06/2019; R$91,67 ; R$-   ; R$-   ;; R$91,67 ;Seguro Viagem;;;;; R$91,67 
Participar das Reuni�es das Comiss�es Permanentes e da LXIV Sess�o Ordin�ria do Parlamento do Mercosul;Miss�o Oficial;Telm�rio Mota;Senador(a);Internacional;BSB/GRU/MVD/GRU/BSB;16/06/2019;18/06/2019; R$1.500,16 ; R$372,78 ; R$0,01 ;; R$1.872,95 ;Econ�mica;;;;; R$1.872,95 
Participar das Reuni�es das Comiss�es Permanentes e da LXIV Sess�o Ordin�ria do Parlamento do Mercosul;Miss�o Oficial;Telm�rio Mota;Senador(a);Seguro Viagem;BSB/GRU/MVD/GRU/BSB;16/06/2019;18/06/2019; R$91,67 ; R$-   ; R$-   ;; R$91,67 ;Seguro Viagem;;;;; R$91,67 
Participar das Reuni�es das Comiss�es Permanentes da Mesa Diretora e da LXIV Sess�o Ordin�ria do Parlamento do Mercosul;Miss�o Oficial;Humberto Costa;Senador(a);Internacional;REC/GRU/MVD;15/06/2019;16/06/2019; R$2.319,84 ; R$145,18 ; R$0,01 ;; R$2.465,03 ;Econ�mica;;;;; R$2.465,03 
Participar das Reuni�es das Comiss�es Permanentes da Mesa Diretora e da LXIV Sess�o Ordin�ria do Parlamento do Mercosul;Miss�o Oficial;Humberto Costa;Senador(a);Internacional;MVD/GRU/BSB;18/06/2019;18/06/2019; R$2.745,14 ; R$436,95 ; R$0,01 ;; R$3.182,10 ;Econ�mica;;;;; R$3.182,10 
Participar das Reuni�es das Comiss�es Permanentes da Mesa Diretora e da LXIV Sess�o Ordin�ria do Parlamento do Mercosul;Miss�o Oficial;Humberto Costa;Senador(a);Seguro Viagem;REC/GRU/MVD/GRU/BSB;15/06/2019;18/06/2019; R$91,67 ; R$-   ; R$-   ;; R$91,67 ;Seguro Viagem;;;;; R$91,67 
Participar das Reuni�es das Comiss�es Permanentes da Mesa Diretora e da LXIV Sess�o Ordin�ria do Parlamento do Mercosul;Miss�o Oficial;Humberto Costa;Senador(a);Internacional;REC/GRU/MVD;13/07/2019;13/07/2019; R$3.311,65 ; R$153,51 ; R$0,01 ;; R$3.465,17 ;Econ�mica;;;;; R$3.465,17 
Participar das Reuni�es das Comiss�es Permanentes da Mesa Diretora e da LXIV Sess�o Ordin�ria do Parlamento do Mercosul;Miss�o Oficial;Humberto Costa;Senador(a);Internacional;MVD/POA/CGH;16/07/2019;16/07/2019; R$384,46 ; R$557,65 ; R$0,01 ;; R$942,12 ;Econ�mica;;;;; R$942,12 
Participar das Reuni�es das Comiss�es Permanentes da Mesa Diretora e da LXIV Sess�o Ordin�ria do Parlamento do Mercosul;Miss�o Oficial;Humberto Costa;Senador(a);Seguro Viagem;REC/GRU/MVD/POA/CGH;13/07/2019;16/07/2019; R$89,77 ; R$-   ; R$-   ;; R$89,77 ;Seguro Viagem;;;;; R$89,77 
Participar das Reuni�es das Comiss�es Permanentes da Mesa Diretora e da LXIV Sess�o Ordin�ria do Parlamento do Mercosul;Miss�o Oficial;Nelsinho Trad;Senador(a);Internacional;BSB/GRU/MVD/GRU/BSB;13/07/2019;15/07/2019; R$4.985,63 ; R$370,41 ; R$0,01 ;; R$5.356,05 ;Econ�mica;;;;; R$5.356,05 
Participar das Reuni�es das Comiss�es Permanentes da Mesa Diretora e da LXIV Sess�o Ordin�ria do Parlamento do Mercosul;Miss�o Oficial;Nelsinho Trad;Senador(a);Seguro Viagem;BSB/GRU/MVD/GRU/BSB;13/07/2019;15/07/2019; R$89,77 ; R$-   ; R$-   ;; R$89,77 ;Seguro Viagem;;;;; R$89,77 
Participar das Reuni�es das Comiss�es Permanentes da Mesa Diretora e da LXIV Sess�o Ordin�ria do Parlamento do Mercosul;Miss�o Oficial;Jaques Wagner;Senador(a);Internacional;SSA/GRU/MVD;14/07/2019;14/07/2019; R$2.911,97 ; R$143,31 ; R$0,01 ;; R$3.055,29 ;Econ�mica;;;;; R$3.055,29 
Participar das Reuni�es das Comiss�es Permanentes da Mesa Diretora e da LXIV Sess�o Ordin�ria do Parlamento do Mercosul;Miss�o Oficial;Jaques Wagner;Senador(a);Internacional;MVD/GRU/BSB;16/07/2019;16/07/2019; R$2.778,75 ; R$436,38 ; R$0,01 ;; R$3.215,14 ;Econ�mica;;;; R$1.386,49 ; R$1.828,65 
Participar das Reuni�es das Comiss�es Permanentes da Mesa Diretora e da LXIV Sess�o Ordin�ria do Parlamento do Mercosul;Miss�o Oficial;Jaques Wagner;Senador(a);Internacional;MVD/GIG;16/07/2019;16/07/2019; R$2.702,38 ; R$396,95 ; R$0,01 ;; R$3.099,34 ;Econ�mica;;;;; R$3.099,34 
Participar das Reuni�es das Comiss�es Permanentes da Mesa Diretora e da LXIV Sess�o Ordin�ria do Parlamento do Mercosul;Miss�o Oficial;Jaques Wagner;Senador(a);Seguro Viagem;SSA/GRU/MVD/GRU/BSB;14/07/2019;16/07/2019; R$89,77 ; R$-   ; R$-   ;; R$89,77 ;Seguro Viagem;;;;; R$89,77 
Participar das Reuni�es das Comiss�es Permanentes da Mesa Diretora e da LXIV Sess�o Ordin�ria do Parlamento do Mercosul;Miss�o Oficial;Rodrigo Cunha;Senador(a);Internacional;BSB/GRU/MVD;14/07/2019;15/07/2019; R$3.199,00 ; R$150,05 ; R$0,01 ;; R$3.349,06 ;Econ�mica;;;;; R$3.349,06 
Participar das Reuni�es das Comiss�es Permanentes da Mesa Diretora e da LXIV Sess�o Ordin�ria do Parlamento do Mercosul;Miss�o Oficial;Rodrigo Cunha;Senador(a);Internacional;MVD/GRU/BSB;16/07/2019;16/07/2019; R$2.778,75 ; R$436,38 ; R$0,01 ;; R$3.215,14 ;Econ�mica;;;;; R$3.215,14 
Participar das Reuni�es das Comiss�es Permanentes da Mesa Diretora e da LXIV Sess�o Ordin�ria do Parlamento do Mercosul;Miss�o Oficial;Rodrigo Cunha;Senador(a);Seguro Viagem;BSB/GRU/MVD/GRU/BSB;14/07/2019;16/07/2019; R$89,77 ; R$-   ; R$-   ;; R$89,77 ;Seguro Viagem;;;;; R$89,77 
Participar das Reuni�es das Comiss�es Permanentes da Mesa Diretora e da LXIV Sess�o Ordin�ria do Parlamento do Mercosul;Miss�o Oficial;Veneziano Vital do R�go;Senador(a);Internacional;BSB/GRU/MVD/GRU/BSB;12/07/2019;16/07/2019; R$3.312,57 ; R$368,62 ; R$0,01 ;; R$3.681,20 ;Econ�mica;;;;; R$3.681,20 
Participar das Reuni�es das Comiss�es Permanentes da Mesa Diretora e da LXIV Sess�o Ordin�ria do Parlamento do Mercosul;Miss�o Oficial;Veneziano Vital do R�go;Senador(a);Seguro Viagem;BSB/GRU/MVD/GRU/BSB;12/07/2019;16/07/2019; R$89,77 ; R$-   ; R$-   ;; R$89,77 ;Seguro Viagem;;;;; R$89,77 
F�rum Pol�tico de Alto N�vel das Na��es Unidas sobre Desenvolvimento Sustent�vel;Miss�o Oficial;Iraj� Silvestre Filho;Senador(a);Nacional;JFK/MIA/GRU/BSB;17/07/2019;18/07/2019; R$3.565,63 ; R$138,64 ; R$0,01 ;; R$3.704,28 ;Econ�mica;;;;; R$3.704,28 
Semin�rio Parlamentar Internacional sobre Liberdade de Imprensa;Miss�o Oficial;Antonio Anastasia;Senador(a);Internacional;GIG/LHR/MAD/GIG;05/09/2019;15/09/2019; R$13.685,42 ; R$1.090,84 ; R$0,01 ;; R$14.776,27 ;Executiva;;;;; R$14.776,27 
Semin�rio Parlamentar Internacional sobre Liberdade de Imprensa;Miss�o Oficial;Antonio Anastasia;Senador(a);Internacional;GIG/LHR/MAD/GIG;05/09/2019;15/09/2019; R$196,46 ; R$-   ; R$-   ;; R$196,46 ;Seguro Viagem;;; R$89,30 ;; R$107,16 
17� F�rum Nacional dos Dirigentes Municipais de Educa��o;Miss�o Oficial;Fl�vio Arns;Senador(a);Nacional;BSB/SSA;14/08/2019;14/08/2019; R$1.372,45 ; R$29,49 ; R$0,01 ;; R$1.401,95 ;Econ�mica;;;;; R$1.401,95 
17� F�rum Nacional dos Dirigentes Municipais de Educa��o;Miss�o Oficial;Fl�vio Arns;Senador(a);Nacional;SSA/GRU/CWB;15/08/2019;15/08/2019; R$924,90 ; R$31,08 ; R$0,01 ;; R$955,99 ;Econ�mica;;;; R$301,04 ; R$654,95 
17� F�rum Nacional dos Dirigentes Municipais de Educa��o;Miss�o Oficial;Fl�vio Arns;Senador(a);Nacional;SSA/CNF/BSB;14/08/2019;14/08/2019; R$2.019,90 ; R$31,08 ; R$0,01 ;; R$2.050,99 ;Econ�mica;;;;; R$2.050,99 
1� Semin�rio de Infraestrutura de Transporte Rodoferrovi�rio da Am�rica do Sul, bem como da Reuni�o Ordin�ria da Comiss�o de Infraestrutura, Transporte, Recursos Energ�ticos, Agricultura, Pecu�ria e Pesca do Parlamento do Mercosul;Miss�o Oficial;Veneziano Vital do R�go;Senador(a);Internacional;JPA/GRU/ASU/GRU/REC;11/08/2019;14/08/2019; R$3.704,44 ; R$345,21 ; R$0,01 ;; R$4.049,66 ;Econ�mica;;;;; R$4.049,66 
1� Semin�rio de Infraestrutura de Transporte Rodoferrovi�rio da Am�rica do Sul, bem como da Reuni�o Ordin�ria da Comiss�o de Infraestrutura, Transporte, Recursos Energ�ticos, Agricultura, Pecu�ria e Pesca do Parlamento do Mercosul;Miss�o Oficial;Veneziano Vital do R�go;Senador(a);Seguro Viagem;JPA/GRU/ASU/GRU/REC;11/08/2019;14/08/2019; R$93,58 ; R$-   ; R$-   ;; R$93,58 ;Seguro Viagem;;;;; R$93,58 
Reuni�es das Comiss�es Permanentes e da LXVI Sess�o Ordin�ria do Parlamento do Mercosul;Miss�o Oficial;Humberto Costa;Senador(a);Internacional;BSB/GRU/MVD/GRU/BSB;25/08/2019;28/08/2019; R$3.060,82 ; R$393,73 ; R$0,01 ;; R$3.454,56 ;Econ�mica;;;;; R$3.454,56 
Reuni�es das Comiss�es Permanentes e da LXVI Sess�o Ordin�ria do Parlamento do Mercosul;Miss�o Oficial;Humberto Costa;Senador(a);Seguro Viagem;BSB/GRU/MVD/GRU/BSB;25/08/2019;28/08/2019; R$95,95 ; R$-   ; R$-   ;; R$95,95 ;Seguro Viagem;;;;; R$95,95 
Reuni�es das Comiss�es Permanentes e da LXVI Sess�o Ordin�ria do Parlamento do Mercosul;Miss�o Oficial;Nelsinho Trad;Senador(a);Internacional;BSB/GRU/MVD/GRU/BSB;24/08/2019;27/08/2019; R$1.266,62 ; R$393,73 ; R$0,01 ;; R$1.660,36 ;Econ�mica;;;;; R$1.660,36 
Reuni�es das Comiss�es Permanentes e da LXVI Sess�o Ordin�ria do Parlamento do Mercosul;Miss�o Oficial;Nelsinho Trad;Senador(a);Seguro Viagem;BSB/GRU/MVD/GRU/BSB;24/08/2019;27/08/2019; R$95,95 ; R$-   ; R$-   ;; R$95,95 ;Seguro Viagem;;;;; R$95,95 
XXIII Feira Pan-Amaz�nca do Livro;Miss�o Oficial;Randolfe Rodrigues;Senador(a);Nacional;MCP/BEL;23/08/2019;23/08/2019; R$312,90 ; R$25,89 ; R$0,01 ;; R$338,80 ;Econ�mica;;;;; R$338,80 
XXIII Feira Pan-Amaz�nca do Livro;Miss�o Oficial;Randolfe Rodrigues;Senador(a);Nacional;BEL/REC;25/08/2019;25/08/2019; R$904,90 ; R$32,95 ; R$0,01 ;; R$937,86 ;Econ�mica;;;;; R$937,86 
Reuni�es das Comiss�es Permanentes e da LXVI Sess�o Ordin�ria do Parlamento do Mercosul;Miss�o Oficial;Soraya Thronicke;Senador(a);Internacional;CGR/CWB/POA/MVD;25/08/2019;25/08/2019; R$2.587,20 ; R$146,73 ; R$0,01 ;; R$2.733,94 ;Econ�mica;;;; R$2.527,00 ; R$206,94 
Reuni�es das Comiss�es Permanentes e da LXVI Sess�o Ordin�ria do Parlamento do Mercosul;Miss�o Oficial;Soraya Thronicke;Senador(a);Internacional;MVD/GRU/BSB;27/08/2019;27/08/2019; R$2.951,03 ; R$462,63 ; R$0,01 ;; R$3.413,67 ;Econ�mica;;;; R$1.467,38 ; R$1.946,29 
Reuni�es das Comiss�es Permanentes e da LXVI Sess�o Ordin�ria do Parlamento do Mercosul;Miss�o Oficial;Soraya Thronicke;Senador(a);Seguro Viagem;CGR/CWB/POA/MVD/GRU/BSB;25/08/2019;27/08/2019; R$95,95 ; R$-   ; R$-   ;; R$95,95 ;Seguro Viagem;Conforme e-mail da AEROTUR, de acordo com a pol�tica de cancelamento, ap�s o in�cio da vig�ncia n�o tem como cancelar o seguro;;; R$-   ; R$95,95 
Participar das reuni�es do Grupo Brasileiro do Parlamento Latino-Americano (Parlatino);Miss�o Oficial;Jaques Wagner;Senador(a);Internacional;GUA/LAX;30/08/2019;30/08/2019; R$3.177,40 ; R$655,84 ; R$0,01 ;; R$3.833,25 ;Executiva;;;;; R$3.833,25 
Participar das reuni�es do Grupo Brasileiro do Parlamento Latino-Americano (Parlatino);Miss�o Oficial;Jaques Wagner;Senador(a);Internacional;LAX/SAL/GUA;28/08/2019;28/08/2019; R$2.680,17 ; R$116,01 ; R$0,01 ;; R$2.796,19 ;Executiva;;;;; R$2.796,19 
Reuni�es das Comiss�es Permanentes e da LXVI Sess�o Ordin�ria do Parlamento do Mercosul;Miss�o Oficial;Telm�rio Mota;Senador(a);Internacional;BSB/GRU/MVD/GRU/BSB;25/08/2019;28/08/2019; R$3.088,47 ; R$394,51 ; R$0,01 ;; R$3.482,99 ;Econ�mica;;;;; R$3.482,99 
Reuni�es das Comiss�es Permanentes e da LXVI Sess�o Ordin�ria do Parlamento do Mercosul;Miss�o Oficial;Telm�rio Mota;Senador(a);Seguro Viagem;BSB/GRU/MVD/GRU/BSB;25/08/2019;28/08/2019; R$95,47 ; R$-   ; R$-   ;; R$95,47 ;Seguro Viagem;;;;; R$95,47 
Visita t�cnica ao Porto de Singapura e de reuni�es com autoridades daquele Pa�s para debater pol�ticas de regula��o da atividade portu�ria;Miss�o Oficial;Wellington Fagundes;Senador(a);Internacional;BSB/GRU/DOH/SIN/DOH/GRU/CGB;29/08/2019;07/09/2019; R$42.945,00 ; R$2.702,91 ; R$0,01 ;; R$45.647,92 ;Executiva;;;;; R$45.647,92 
Visita t�cnica ao Porto de Singapura e de reuni�es com autoridades daquele Pa�s para debater pol�ticas de regula��o da atividade portu�ria;Miss�o Oficial;Wellington Fagundes;Senador(a);Seguro Viagem;BSB/GRU/DOH/SIN/DOH/GRU/CGB;29/08/2019;07/09/2019; R$197,13 ; R$-   ; R$-   ;; R$197,13 ;Seguro Viagem;;;;; R$197,13 
6� Confer�ncia Global de Jovens Parlamentares da UIP;Miss�o Oficial;Iraj� Silvestre Filho;Senador(a);Internacional;BSB/GRU/ASU/GRU;06/09/2019;10/09/2019; R$3.126,89 ; R$327,01 ; R$0,01 ;; R$3.453,91 ;Econ�mica;;;;; R$3.453,91 
6� Confer�ncia Global de Jovens Parlamentares da UIP;Miss�o Oficial;Iraj� Silvestre Filho;Senador(a);Seguro Viagem;BSB/GRU/ASU/GRU;06/09/2019;10/09/2019; R$108,94 ; R$-   ; R$-   ;; R$108,94 ;Seguro Viagem;;;;; R$108,94 
Participar das reuni�es do Grupo Brasileiro do Parlamento Latino-Americano (Parlatino);Miss�o Oficial;Nelsinho Trad;Senador(a);Internacional;BSB/PTY/BSB;04/09/2019;08/09/2019; R$7.630,11 ; R$346,66 ; R$0,01 ;; R$7.976,78 ;Econ�mica;;;; R$7.189,07 ; R$787,71 
Participar das reuni�es do Grupo Brasileiro do Parlamento Latino-Americano (Parlatino);Miss�o Oficial;Nelsinho Trad;Senador(a);Internacional;BSB/PTY/BSB;04/09/2019;08/09/2019; R$130,73 ; R$-   ; R$-   ;; R$130,73 ;Seguro Viagem;;;;; R$130,73 
Miss�o Oficial a China;Miss�o Oficial;Rogerio Carvalho;Senador(a);Nacional;BSB/GRU/BSB;14/09/2019;23/09/2019; R$1.199,69 ; R$62,36 ; R$0,01 ;; R$1.262,06 ;Econ�mica;;;;; R$1.262,06 
Reuni�es das Comiss�es Permanentes e Mesa Diretora, bem como na LXVII Sess�o Plen�ria e Observat�rio da Democracia do Parlamento do Mercosul;Miss�o Oficial;M�rcio Bittar ;Senador(a);Nacional;RBR/BSB;28/09/2019;; R$1.196,90 ; R$25,89 ; R$0,01 ;; R$1.222,80 ;Econ�mica;;;;; R$1.222,80 
Reuni�es das Comiss�es Permanentes e Mesa Diretora, bem como na LXVII Sess�o Plen�ria e Observat�rio da Democracia do Parlamento do Mercosul;Miss�o Oficial;M�rcio Bittar ;Senador(a);Internacional;BSB/GRU/MVD/GRU/BSB;28/09/2019;01/10/2019; R$1.567,44 ; R$395,79 ; R$0,01 ;; R$1.963,24 ;Econ�mica;;;; R$248,18 ; R$1.715,06 
Reuni�es das Comiss�es Permanentes e Mesa Diretora, bem como na LXVII Sess�o Plen�ria e Observat�rio da Democracia do Parlamento do Mercosul;Miss�o Oficial;M�rcio Bittar ;Senador(a);Internacional;BSB/GRU/MVD/GRU/BSB;28/09/2019;01/10/2019; R$2.666,66 ;; R$0,01 ;; R$2.666,67 ;Econ�mica;;;;; R$2.666,67 
Reuni�es das Comiss�es Permanentes e Mesa Diretora, bem como na LXVII Sess�o Plen�ria e Observat�rio da Democracia do Parlamento do Mercosul;Miss�o Oficial;M�rcio Bittar ;Senador(a);Seguro Viagem;BSB/GRU/MVD/GRU/BSB;28/09/2019;01/10/2019; R$107,10 ; R$-   ; R$-   ;; R$107,10 ;Seguro Viagem;N�o tem direito a reembolso, pois n�o foi solicitado o cancelamento em tempo h�bil;;;; R$107,10 
Reuni�es do Parlamento Latino-Americano;Miss�o Oficial;Jaques Wagner;Senador(a);Internacional;BSB/PTY/HAV;18/09/2019;; R$4.876,02 ; R$125,17 ; R$0,01 ;; R$5.001,20 ;Executiva;;;;; R$5.001,20 
Reuni�es do Parlamento Latino-Americano;Miss�o Oficial;Jaques Wagner;Senador(a);Internacional;HAV/PTY/SSA;;21/09/2019; R$4.009,54 ; R$107,28 ; R$0,01 ;; R$4.116,83 ;Executiva;;;;; R$4.116,83 
Reuni�es do Parlamento Latino-Americano;Miss�o Oficial;Jaques Wagner;Senador(a);Seguro Viagem;BSB/PTY/HAV/PTY/SSA;18/09/2019;21/09/2019; R$107,10 ; R$-   ; R$-   ;; R$107,10 ;Seguro Viagem;;;;; R$107,10 
141� Assembleia da Uni�o Interparlamentar e da Sess�o Ordin�ria do Grupo de Parlamentares da Am�rica Latina e do Caribe;Miss�o Oficial;S�rgio Petec�o;Senador(a);Internacional;BSB/GIG/FRA/BEG/FRA/GIG/BSB;10/10/2019;19/10/2019; R$7.186,48 ; R$636,72 ; R$0,01 ;; R$7.823,21 ;Econ�mica;;;;; R$7.823,21 
141� Assembleia da Uni�o Interparlamentar e da Sess�o Ordin�ria do Grupo de Parlamentares da Am�rica Latina e do Caribe;Miss�o Oficial;S�rgio Petec�o;Senador(a);Seguro Viagem;BSB/GIG/FRA/BEG/FRA/GIG/BSB;10/10/2019;19/10/2019; R$214,72 ; R$-   ; R$-   ;; R$214,72 ;Seguro Viagem;;;;; R$214,72 
Reuni�es das Comiss�es Permanentes e do Observat�rio da Democracia, bem como, da LXVII Sess�o Ordin�ria do Parlamento do Mercosul;Miss�o Oficial;Humberto Costa;Senador(a);Internacional;REC/GRU/MVDGRU;28/09/2019;01/10/2019; R$3.418,33 ; R$370,60 ; R$0,01 ;; R$3.788,94 ;Econ�mica;;;; R$3.788,93 ; R$0,01 
Reuni�es das Comiss�es Permanentes e do Observat�rio da Democracia, bem como, da LXVII Sess�o Ordin�ria do Parlamento do Mercosul;Miss�o Oficial;Humberto Costa;Senador(a);Internacional;GRU/BSB;01/10/2019;02/10/2019; R$526,90 ; R$31,69 ; R$0,01 ;; R$558,60 ;Econ�mica;25/09/2019;;; R$32,06 ; R$526,54 
Reuni�es das Comiss�es Permanentes e do Observat�rio da Democracia, bem como, da LXVII Sess�o Ordin�ria do Parlamento do Mercosul;Miss�o Oficial;Humberto Costa;Senador(a);Internacional;REC/GRU;28/09/2019;; R$729,44 ; R$32,95 ; R$0,01 ;; R$762,40 ;Econ�mica;;;;; R$762,40 
Reuni�es das Comiss�es Permanentes e do Observat�rio da Democracia, bem como, da LXVII Sess�o Ordin�ria do Parlamento do Mercosul;Miss�o Oficial;Humberto Costa;Senador(a);Internacional;GRU/MVD/GRU;28/09/2019;01/10/2019; R$1.220,72 ; R$337,90 ; R$0,01 ;; R$1.558,63 ;Econ�mica;;;;; R$1.558,63 
Reuni�es das Comiss�es Permanentes e do Observat�rio da Democracia, bem como, da LXVII Sess�o Ordin�ria do Parlamento do Mercosul;Miss�o Oficial;Humberto Costa;Senador(a);Internacional;GRU/BSB;;01/10/2019; R$912,67 ; R$31,69 ; R$0,01 ;; R$944,37 ;Econ�mica;;;;; R$944,37 
Reuni�es das Comiss�es Permanentes e do Observat�rio da Democracia, bem como, da LXVII Sess�o Ordin�ria do Parlamento do Mercosul;Miss�o Oficial;Humberto Costa;Senador(a);Seguro Viagem;REC/GRU/MVDGRU/BSB;28/09/2019;02/10/2019; R$109,20 ; R$-   ; R$-   ;; R$109,20 ;Seguro Viagem;;;;; R$109,20 
Confer�ncia da ONU;Miss�o Oficial;Rose de Freitas;Senador(a);Internacional;BSB/GRU/JFK/GRU/BSB;26/09/2019;08/10/2019; R$38.983,72 ; R$451,44 ; R$0,01 ;; R$39.435,17 ;Executiva;;;;; R$39.435,17 
Confer�ncia da ONU;Miss�o Oficial;Rose de Freitas;Senador(a);Seguro Viagem;BSB/GRU/JFK/GRU/BSB;26/09/2019;08/10/2019; R$364,88 ; R$-   ; R$-   ;; R$364,88 ;Seguro Viagem;;;;; R$364,88 
Reuni�es das Comiss�es Permanentes e do Observat�rio da Democracia, bem como, da LXVII Sess�o Ordin�ria do Parlamento do Mercosul;Miss�o Oficial;Nelsinho Trad;Senador(a);Internacional;BSB/GRU/MVD/GRU/BSB;27/09/2019;01/10/2019; R$2.886,06 ; R$400,73 ; R$0,01 ;; R$3.286,80 ;Econ�mica;;;;; R$3.286,80 
Reuni�es das Comiss�es Permanentes e do Observat�rio da Democracia, bem como, da LXVII Sess�o Ordin�ria do Parlamento do Mercosul;Miss�o Oficial;Nelsinho Trad;Senador(a);Seguro Viagem;BSB/GRU/MVD/GRU/BSB;27/09/2019;01/10/2019; R$109,72 ; R$-   ; R$-   ;; R$109,72 ;Seguro Viagem;;;;; R$109,72 
Reuni�es das Comiss�es Permanentes e do Observat�rio da Democracia, bem como, da LXVII Sess�o Ordin�ria do Parlamento do Mercosul;Miss�o Oficial;Rodrigo Cunha;Senador(a);Internacional;MCZ/GRU/MVD;30/09/2019;30/09/2019; R$3.558,04 ; R$154,83 ; R$0,01 ;; R$3.712,88 ;Econ�mica;;;;; R$3.712,88 
Reuni�es das Comiss�es Permanentes e do Observat�rio da Democracia, bem como, da LXVII Sess�o Ordin�ria do Parlamento do Mercosul;Miss�o Oficial;Rodrigo Cunha;Senador(a);Internacional;MVD/GRU/BSB;01/10/2019;01/10/2019; R$3.053,37 ; R$477,18 ; R$0,01 ;; R$3.530,56 ;Econ�mica;;;;; R$3.530,56 
Reuni�es das Comiss�es Permanentes e do Observat�rio da Democracia, bem como, da LXVII Sess�o Ordin�ria do Parlamento do Mercosul;Miss�o Oficial;Rodrigo Cunha;Senador(a);Seguro Viagem;MCZ/GRU/MVD/GRU/BSB;30/09/2019;01/10/2019; R$108,67 ; R$-   ; R$-   ;; R$108,67 ;Seguro Viagem;;;;; R$108,67 
XII Bienal Internacional do Livro de Pernambuco;Miss�o Oficial;Randolfe Rodrigues;Senador(a);Nacional;BSB/REC;03/10/2019;03/10/2019; R$989,90 ; R$30,67 ; R$0,01 ;; R$1.020,58 ;Econ�mica;;;;; R$1.020,58 
141� Assembleia da Uni�o Interparlamentar e da Sess�o Ordin�ria do Grupo de Parlamentares da Am�rica Latina e do Caribe;Miss�o Oficial;Antonio Anastasia;Senador(a);Internacional;GRU/ZURICH/BEL/ZURICH/BSB;14/10/2019;19/10/2019; R$20.289,81 ; R$430,68 ; R$0,01 ;; R$20.720,50 ;Executiva;;;;; R$20.720,50 
141� Assembleia da Uni�o Interparlamentar e da Sess�o Ordin�ria do Grupo de Parlamentares da Am�rica Latina e do Caribe;Miss�o Oficial;Antonio Anastasia;Senador(a);Seguro Viagem;GRU/ZURICH/BEL/ZURICH/BSB;14/10/2019;19/10/2019; R$131,35 ; R$-   ; R$-   ;; R$131,35 ;Seguro Viagem;;;;; R$131,35 
Participar da 141� Assembleia da Uni�o Interpalamentar;Miss�o Oficial;Iraj� Silvestre Filho;Senador(a);Internacional;BSB/GIG/FRA/BEG/FRA/GIG/BSB;13/10/2019;18/10/2019; R$28.652,55 ; R$707,53 ; R$0,01 ;; R$29.360,09 ;Executiva;;;;; R$29.360,09 
Participar da 141� Assembleia da Uni�o Interpalamentar;Miss�o Oficial;Iraj� Silvestre Filho;Senador(a);Seguro Viagem;BSB/GIG/FRA/BEG/FRA/GIG/BSB;13/10/2019;18/10/2019; R$149,94 ; R$-   ; R$-   ;; R$149,94 ;Seguro Viagem;;;;; R$149,94 
Reuni�es das Comiss�es Permanentes, da Bancada Progressista, bem como da LXVIII Sess�o Plen�ria do Parlamento do Mercosul;Miss�o Oficial;Humberto Costa;Senador(a);Internacional;REC/GRU/MVD;12/10/2019;; R$2.717,72 ; R$154,83 ; R$0,01 ;; R$2.872,56 ;Econ�mica;;;;; R$2.872,56 
Reuni�es das Comiss�es Permanentes, da Bancada Progressista, bem como da LXVIII Sess�o Plen�ria do Parlamento do Mercosul;Miss�o Oficial;Humberto Costa;Senador(a);Internacional;MVD/GRU/BSB;;15/10/2019; R$2.535,05 ; R$433,77 ; R$0,01 ;; R$2.968,83 ;Econ�mica;;;;; R$2.968,83 
Reuni�es das Comiss�es Permanentes, da Bancada Progressista, bem como da LXVIII Sess�o Plen�ria do Parlamento do Mercosul;Miss�o Oficial;Humberto Costa;Senador(a);Seguro Viagem;REC/GRU/MVD/GRU/BSB;12/10/2019;15/10/2019; R$107,36 ; R$-   ; R$-   ;; R$107,36 ;Seguro Viagem;;;;; R$107,36 
Participar como palestrante da Semana de Defesa do Consumidor;Miss�o Oficial;Rodrigo Cunha;Senador(a);Internacional;MCZ/GRU/LIMA/GRU/MCZ;13/10/2019;19/10/2019; R$7.650,20 ; R$372,57 ; R$0,01 ;; R$8.022,78 ;Econ�mica;;;;; R$8.022,78 
Participar como palestrante da Semana de Defesa do Consumidor;Miss�o Oficial;Rodrigo Cunha;Senador(a);Seguro Viagem;MCZ/GRU/LIMA/GRU/MCZ;13/10/2019;19/10/2019; R$150,31 ; R$-   ; R$-   ;; R$150,31 ;Seguro Viagem;;;;; R$150,31 
Reuni�es das Comiss�es Permanentes, da Bancada Progressista, bem como da LXVIII Sess�o Plen�ria do Parlamento do Mercosul;Miss�o Oficial;Telm�rio Mota;Senador(a);Internacional;BSB/GIG/MVD/GRU/BSB;13/10/2019;15/10/2019; R$5.698,58 ; R$397,51 ; R$0,01 ;; R$6.096,10 ;Econ�mica;;;;; R$6.096,10 
Reuni�es das Comiss�es Permanentes, da Bancada Progressista, bem como da LXVIII Sess�o Plen�ria do Parlamento do Mercosul;Miss�o Oficial;Telm�rio Mota;Senador(a);Seguro Viagem;BSB/GIG/MVD/GRU/BSB;13/10/2019;15/10/2019; R$107,89 ; R$-   ; R$-   ;; R$107,89 ;Seguro Viagem;;;;; R$107,89 
Acompanhar e observar o processo eleitoral da Argentina;Miss�o Oficial;Humberto Costa;Senador(a);Internacional;BSB/GRU/EZE;24/10/2019;24/10/2019; R$1.944,84 ; R$213,83 ; R$0,01 ;; R$2.158,68 ;Econ�mica;;;;; R$2.158,68 
Acompanhar e observar o processo eleitoral da Argentina;Miss�o Oficial;Humberto Costa;Senador(a);Internacional;EZE/BSB;28/10/2019;28/10/2019; R$2.104,19 ; R$429,21 ; R$0,01 ;; R$2.533,41 ;Econ�mica;;;;; R$2.533,41 
Acompanhar e observar o processo eleitoral da Argentina;Miss�o Oficial;Humberto Costa;Senador(a);Seguro Viagem;BSB/GRU/EZE/GRU/BSB;24/10/2019;28/10/2019; R$107,10 ; R$-   ; R$-   ;; R$107,10 ;Seguro Viagem;;;;; R$107,10 
Reuni�es das Comiss�es  do Parlatino;Miss�o Oficial;Antonio Anastasia;Senador(a);Internacional;GRU/PTY/CNF;07/11/2019;10/11/2019; R$7.909,55 ; R$340,35 ; R$0,01 ;; R$8.249,91 ;Executiva;;;;; R$8.249,91 
Reuni�es das Comiss�es  do Parlatino;Miss�o Oficial;Antonio Anastasia;Senador(a);Seguro Viagem;GRU/PTY/CNF;07/11/2019;11/11/2019; R$104,21 ; R$-   ; R$-   ;; R$104,21 ;Seguro Viagem;;;;; R$104,21 
Representar o Senado Federal na solenidade de posse da nova Diretora da Academia Brasileira de Medicina Veterin�ria;Miss�o Oficial;Wellington Fagundes;Senador(a);Nacional;BSB/SDU;31/10/2019;31/10/2019; R$1.434,90 ; R$30,67 ; R$0,01 ;; R$1.465,58 ;Econ�mica;;;;; R$1.465,58 
Representar o Senado Federal na solenidade de posse da nova Diretora da Academia Brasileira de Medicina Veterin�ria;Miss�o Oficial;Wellington Fagundes;Senador(a);Nacional;SDU/CGH/CGB;03/11/2019;03/11/2019; R$1.051,48 ; R$32,95 ; R$0,01 ;; R$1.084,44 ;Econ�mica;;;;; R$1.084,44 
Reuni�es das Comiss�es do Parlamento Latino-Americano e Caribenho � Parlatino;Miss�o Oficial;Jaques Wagner;Senador(a);Internacional;BSB/PTY/BSB;06/11/2019;12/11/2019; R$7.374,13 ; R$339,07 ; R$0,01 ;; R$7.713,21 ;Executiva;;;;; R$7.713,21 
Reuni�es das Comiss�es do Parlamento Latino-Americano e Caribenho � Parlatino;Miss�o Oficial;Jaques Wagner;Senador(a);Internacional;PTY/SSA;;12/11/2019; R$-   ; R$766,66 ; R$0,01 ;; R$766,67 ;Executiva;;;;; R$766,67 
Reuni�es das Comiss�es do Parlamento Latino-Americano e Caribenho � Parlatino;Miss�o Oficial;Jaques Wagner;Senador(a);Seguro Viagem;BSB/PTY/BSB;06/11/2019;12/11/2019; R$168,42 ; R$-   ; R$-   ;; R$168,42 ;Seguro Viagem;;;;; R$168,42 
Workshop Theory and Tools of the Harvard Negotiation Project - Cambridge;Miss�o Oficial;Iraj� Silvestre Filho;Senador(a);Internacional;BSB/GRU/JFK/BOS;29/10/2019;30/10/2019; R$2.949,77 ; R$335,32 ; R$0,01 ;; R$3.285,10 ;Econ�mica;;;;; R$3.285,10 
Workshop Theory and Tools of the Harvard Negotiation Project - Cambridge;Miss�o Oficial;Iraj� Silvestre Filho;Senador(a);Internacional;MIA/GRU;11/11/2019;12/11/2019; R$2.342,39 ; R$114,90 ; R$0,01 ;; R$2.457,30 ;Econ�mica;;;;; R$2.457,30 
Workshop Theory and Tools of the Harvard Negotiation Project - Cambridge;Miss�o Oficial;Iraj� Silvestre Filho;Senador(a);Internacional;BOS/GRU;08/11/2019;08/11/2019; R$638,29 ; R$-   ; R$0,01 ;; R$638,30 ;Econ�mica;;;;; R$638,30 
Workshop Theory and Tools of the Harvard Negotiation Project - Cambridge;Miss�o Oficial;Iraj� Silvestre Filho;Senador(a);Internacional;BOS/GRU;08/11/2019;09/11/2019; R$-   ; R$-   ; R$-   ; R$1.210,53 ; R$1.210,53 ;Econ�mica;;;;; R$1.210,53 
Workshop Theory and Tools of the Harvard Negotiation Project - Cambridge;Miss�o Oficial;Iraj� Silvestre Filho;Senador(a);Nacional;CGH/BSB;12/11/2019;12/11/2019; R$934,90 ; R$32,95 ; R$0,01 ;; R$967,86 ;Econ�mica;;;;; R$967,86 
Workshop Theory and Tools of the Harvard Negotiation Project - Cambridge;Miss�o Oficial;Iraj� Silvestre Filho;Senador(a);Nacional;CGH/BSB;11/11/2019;11/11/2019; R$1.118,00 ; R$-   ; R$0,01 ;; R$1.118,01 ;Econ�mica;;;; R$622,11 ; R$495,90 
Workshop Theory and Tools of the Harvard Negotiation Project - Cambridge;Miss�o Oficial;Iraj� Silvestre Filho;Senador(a);Seguro Viagem;BSB/GRU/JFK/BOS/MIA/GRU/BSB;29/10/2019;11/11/2019; R$148,40 ; R$-   ; R$-   ;; R$148,40 ;Seguro Viagem;;;;; R$148,40 
Workshop Theory and Tools of the Harvard Negotiation Project - Cambridge;Miss�o Oficial;Marcos Rog�rio da Silva Brito;Senador(a);Internacional;BSB/GRU/BOS/GRU/BSB;02/11/2019;11/11/2019; R$5.712,27 ; R$440,44 ; R$0,01 ;; R$6.152,72 ;Econ�mica;;;;; R$6.152,72 
Workshop Theory and Tools of the Harvard Negotiation Project - Cambridge;Miss�o Oficial;Marcos Rog�rio da Silva Brito;Senador(a);Seguro Viagem;BSB/GRU/BOS/GRU/BSB;02/11/2019;11/11/2019; R$249,38 ;; R$-   ;; R$249,38 ;Seguro Viagem;;;;; R$249,38 
Conven��o � Progressive Alliance Convention � Progress for Freedom, Justice and Solidarity�, e encontros bilaterais com representantes de v�rios pa�ses participantes;Miss�o Oficial;Humberto Costa;Senador(a);Internacional;BSB/LIS/BSB;13/11/2019;14/11/2019; R$1.585,70 ; R$177,11 ; R$0,01 ;; R$1.762,82 ;Econ�mica;;;;; R$1.762,82 
Conven��o � Progressive Alliance Convention � Progress for Freedom, Justice and Solidarity�, e encontros bilaterais com representantes de v�rios pa�ses participantes;Miss�o Oficial;Humberto Costa;Senador(a);Internacional;ARN/MAD/GRU/REC;16/11/2019;17/11/2019; R$3.118,71 ; R$1.116,18 ; R$0,01 ;; R$4.234,90 ;Econ�mica;;;;; R$4.234,90 
Conven��o � Progressive Alliance Convention � Progress for Freedom, Justice and Solidarity�, e encontros bilaterais com representantes de v�rios pa�ses participantes;Miss�o Oficial;Humberto Costa;Senador(a);Seguro Viagem;BSB/LIS/BSB/ARN/MAD/GRU/REC;13/11/2019;17/11/2019; R$105,00 ; R$-   ; R$-   ;; R$105,00 ;Seguro Viagem;;;;; R$105,00 
Comiss�o Tempor�ria Externa para acompanhar as a��es de enfretamento �s manchas de �leo no litoral brasileiro - CPI - CTEOLEO;CPI;Fabiano Contarato;Senador(a);Nacional;BSB/REC;07/11/2019;07/11/2019; R$1.864,90 ; R$30,67 ; R$0,01 ;; R$1.895,58 ;Econ�mica;;;;; R$1.895,58 
Comiss�o Tempor�ria Externa para acompanhar as a��es de enfretamento �s manchas de �leo no litoral brasileiro - CPI - CTEOLEO;CPI;Fabiano Contarato;Senador(a);Nacional;REC/NAT;08/11/2019;08/11/2019; R$824,90 ; R$32,95 ; R$0,01 ;; R$857,86 ;Econ�mica;;;;; R$857,86 
Comiss�o Tempor�ria Externa para acompanhar as a��es de enfretamento �s manchas de �leo no litoral brasileiro - CPI - CTEOLEO;CPI;Fabiano Contarato;Senador(a);Nacional;NAT/BSB;09/11/2019;09/11/2019; R$1.412,90 ; R$23,14 ; R$0,01 ;; R$1.436,05 ;Econ�mica;;;;; R$1.436,05 
Comiss�o Tempor�ria Externa para acompanhar as a��es de enfretamento �s manchas de �leo no litoral brasileiro - CPI - CTEOLEO;CPI;Randolfe Rodrigues;Senador(a);Nacional;BSB/REC;07/11/2019;07/11/2019; R$1.864,90 ; R$30,67 ; R$0,01 ;; R$1.895,58 ;Econ�mica;;;;; R$1.895,58 
Comiss�o Tempor�ria Externa para acompanhar as a��es de enfretamento �s manchas de �leo no litoral brasileiro - CPI - CTEOLEO;CPI;Randolfe Rodrigues;Senador(a);Nacional;REC/BEL/MCP;09/11/2019;09/11/2019; R$1.395,90 ; R$32,95 ; R$0,01 ;; R$1.428,86 ;Econ�mica;;;;; R$1.428,86 
Comiss�o Tempor�ria Externa para acompanhar as a��es de enfretamento �s manchas de �leo no litoral brasileiro - CPI - CTEOLEO;CPI;Jean Paul Prates;Senador(a);Nacional;REC/NAT;09/11/2019;09/11/2019; R$824,90 ; R$32,95 ; R$0,01 ;; R$857,86 ;Econ�mica;;;;; R$857,86 
Miss�o Oficial � Europa - It�lia, Fran�a, Alemanha e Espanha - a fim de participar da delega��o do Cons�rcio de Governadores do Nordeste;Miss�o Oficial;Jean Paul Prates;Senador(a);Internacional;NAT/LIS/ORLY/TXL/LIS/BSB;15/11/2019;23/11/2019; R$5.085,88 ; R$562,03 ; R$0,01 ;; R$5.647,92 ;Econ�mica;;;;; R$5.647,92 
Miss�o Oficial � Europa - It�lia, Fran�a, Alemanha e Espanha - a fim de participar da delega��o do Cons�rcio de Governadores do Nordeste;Miss�o Oficial;Jean Paul Prates;Senador(a);Internacional;CDG/FCO;19/11/2019;19/11/2019; R$2.278,38 ; R$349,75 ; R$0,01 ;; R$2.628,14 ;Econ�mica;;;;; R$2.628,14 
Miss�o Oficial � Europa - It�lia, Fran�a, Alemanha e Espanha - a fim de participar da delega��o do Cons�rcio de Governadores do Nordeste;Miss�o Oficial;Jean Paul Prates;Senador(a);Internacional;FCO/TXL;21/11/2019;21/11/2019; R$261,30 ; R$358,32 ; R$0,01 ;; R$619,63 ;Econ�mica;;;;; R$619,63 
Miss�o Oficial � Europa - It�lia, Fran�a, Alemanha e Espanha - a fim de participar da delega��o do Cons�rcio de Governadores do Nordeste;Miss�o Oficial;Jean Paul Prates;Senador(a);Seguro Viagem;NAT/LIS/ORLY/TXL/LIS/BSB;15/11/2019;23/11/2009; R$169,30 ; R$-   ; R$-   ;; R$169,30 ;Seguro Viagem;;;;; R$169,30 
Representar o Senado Federal e a Comiss�o de rela��es Exteriores e Defesa Nacional na C�pula Global de Parlamentares, durante F�rum de Governan�a da Internet (IGF);Miss�o Oficial;Esperidi�o Amin;Senador(a);Internacional;FLN/GRU/FRA/TXL/FRA/GRU/FLN;24/11/2019;29/11/2019; R$14.116,61 ; R$813,56 ; R$0,01 ;; R$14.930,18 ;Executiva;;; R$1.191,05 ;; R$13.739,13 
Representar o Senado Federal e a Comiss�o de rela��es Exteriores e Defesa Nacional na C�pula Global de Parlamentares, durante F�rum de Governan�a da Internet (IGF);Miss�o Oficial;Esperidi�o Amin;Senador(a);Seguro Viagem;FLN/GRU/FRA/TXL/FRA/GRU/FLN;24/11/2019;29/11/2019; R$153,61 ; R$-   ; R$-   ;; R$153,61 ;Seguro Viagem;;;;; R$153,61 
Reuni�es das Comiss�es Permanentes da Assembleia Parlamentar Euro-Latino-Americana - EUROLAT;Miss�o Oficial;Antonio Anastasia;Senador(a);Internacional;BSB/PTY/BSB/CNF;11/12/2019;15/12/2019; R$10.626,95 ; R$349,15 ; R$0,01 ;; R$10.976,11 ;Executiva;;;;; R$10.976,11 
Reuni�es das Comiss�es Permanentes da Assembleia Parlamentar Euro-Latino-Americana - EUROLAT;Miss�o Oficial;Antonio Anastasia;Senador(a);Internacional;BSB/PTY/CNF;12/12/2019;14/12/2019; R$3.777,53 ; R$796,59 ; R$0,01 ;; R$4.574,13 ;Executiva;;;;; R$4.574,13 
Reuni�es das Comiss�es Permanentes da Assembleia Parlamentar Euro-Latino-Americana - EUROLAT;Miss�o Oficial;Antonio Anastasia;Senador(a);Seguro Viagem;BSB/PTY/BSB/CNF;11/12/2019;15/12/2019; R$110,25 ; R$-   ; R$-   ;; R$110,25 ;Seguro Viagem;;;;; R$110,25 
 25� Confer�ncia das Partes da Conven��o � Quadro das Na��es Unidas sobre Mudan�as Clim�ticas � COP 25;Miss�o Oficial;Fabiano Contarato;Senador(a);Internacional;MAD/LIS/GRU/VIX;14/12/2019;15/12/2019; R$2.944,47 ; R$837,23 ; R$0,01 ;; R$3.781,71 ;Econ�mica;;;;; R$3.781,71 
 25� Confer�ncia das Partes da Conven��o � Quadro das Na��es Unidas sobre Mudan�as Clim�ticas � COP 26;Miss�o Oficial;Fabiano Contarato;Senador(a);Seguro Viagem;MAD/LIS/GRU/VIX;07/12/2019;15/12/2019; R$200,81 ; R$-   ; R$-   ;; R$200,81 ;Seguro Viagem;;;;; R$200,81 
 25� Confer�ncia das Partes da Conven��o � Quadro das Na��es Unidas sobre Mudan�as Clim�ticas � COP 25;Miss�o Oficial;Jaques Wagner;Senador(a);Seguro Viagem;SSA/REC/MAD/LIB/CNF/BSB;09/12/2019;13/12/2019; R$111,82 ; R$-   ; R$-   ;; R$111,82 ;Seguro Viagem;;;;; R$111,82 
 25� Confer�ncia das Partes da Conven��o � Quadro das Na��es Unidas sobre Mudan�as Clim�ticas � COP 26;Miss�o Oficial;Jaques Wagner;Senador(a);Internacional;SSA/REC/MAD;09/12/2019;; R$6.028,18 ; R$156,28 ; R$0,01 ;; R$6.184,47 ;Executiva;;;;; R$6.184,47 
 25� Confer�ncia das Partes da Conven��o � Quadro das Na��es Unidas sobre Mudan�as Clim�ticas � COP 26;Miss�o Oficial;Jaques Wagner;Senador(a);Internacional;MAD/LIB/CNF/BSB;;13/12/2019; R$6.658,04 ; R$1.554,25 ; R$0,01 ;; R$8.212,30 ;Executiva;;;;; R$8.212,30 
25� Confer�ncia das Partes da Conven��o-Quadro das Na��es Unidas sobre Mudan�as Clim�ticas � COP 25;Miss�o Oficial;Randolfe Rodrigues;Senador(a);Internacional;MAD/GIG;;13/12/2019; R$3.333,71 ; R$120,12 ; R$0,01 ;; R$3.453,84 ;Econ�mica;;;;; R$3.453,84 
25� Confer�ncia das Partes da Conven��o-Quadro das Na��es Unidas sobre Mudan�as Clim�ticas � COP 25;Miss�o Oficial;Randolfe Rodrigues;Senador(a);Seguro Viagem;BSB/MAD/BSB;06/12/2019;13/12/2019; R$178,08 ; R$-   ; R$-   ;; R$178,08 ;Seguro Viagem;;;;; R$178,08 
Reuni�es das Comiss�es Permanentes, Mesa Diretora, LXX Sess�o Plen�ria do Parlamento do Mercosul e �Foro de LA Cadena L�ctea del Mercosul�;Miss�o Oficial;Nelsinho Trad;Senador(a);Internacional;BSB/GRU/MVD/GRU/BSB;07/12/2019;10/12/2019; R$1.503,85 ; R$404,75 ; R$0,01 ;; R$1.908,61 ;Econ�mica;;;;; R$1.908,61 
Reuni�es das Comiss�es Permanentes, Mesa Diretora, LXX Sess�o Plen�ria do Parlamento do Mercosul e �Foro de LA Cadena L�ctea del Mercosul�;Miss�o Oficial;Nelsinho Trad;Senador(a);Seguro Viagem;BSB/GRU/MVD/GRU/BSB;07/12/2019;10/12/2019; R$110,77 ; R$-   ; R$-   ;; R$110,77 ;Seguro Viagem;;;;; R$110,77 
Reuni�es das Comiss�es Permanentes, Mesa Diretora, LXX Sess�o Plen�ria do Parlamento do Mercosul e �Foro de LA Cadena L�ctea del Mercosul�;Miss�o Oficial;Humberto Costa;Senador(a);Nacional;REC/BSB;07/12/2019;; R$367,90 ; R$32,95 ; R$0,01 ;; R$400,86 ;Econ�mica;;;;; R$400,86 
Reuni�es das Comiss�es Permanentes, Mesa Diretora, LXX Sess�o Plen�ria do Parlamento do Mercosul e �Foro de LA Cadena L�ctea del Mercosul�;Miss�o Oficial;Humberto Costa;Senador(a);Internacional;GRU/MVD/GRU;07/12/2019;10/12/2019; R$1.453,06 ; R$340,51 ; R$0,01 ;; R$1.793,58 ;Econ�mica;;;;; R$1.793,58 
Reuni�es das Comiss�es Permanentes, Mesa Diretora, LXX Sess�o Plen�ria do Parlamento do Mercosul e �Foro de LA Cadena L�ctea del Mercosul�;Miss�o Oficial;Humberto Costa;Senador(a);Nacional;GRU/BSB;;10/12/2019; R$529,90 ; R$31,69 ; R$0,01 ;; R$561,60 ;Econ�mica;;;;; R$561,60 
Reuni�es das Comiss�es Permanentes, Mesa Diretora, LXX Sess�o Plen�ria do Parlamento do Mercosul e �Foro de LA Cadena L�ctea del Mercosul�;Miss�o Oficial;Humberto Costa;Senador(a);Seguro Viagem;GRU/MVD/GRU;07/12/2019;10/12/2019; R$110,77 ; R$-   ; R$-   ;; R$110,77 ;Seguro Viagem;;;;; R$110,77 
25� Confer�ncia das Partes da Conven��o-Quadro das Na��es Unidas sobre Mudan�as Clim�ticas � COP 25;Miss�o Oficial;Eliziane Gama;Senador(a);Nacional;BSB/MAD/BSB;06/12/2019;09/12/2019; R$110,25 ; R$-   ; R$-   ;; R$110,25 ;Seguro Viagem;;;;; R$110,25 
Reuni�es das Comiss�es Permanentes, da Mesa Diretora, bem como da LXX Sess�o Plen�ria do Parlamento do Mercosul e � Foro de La Cadena L�ctea del Mercosul �;Miss�o Oficial;Rodrigo Pacheco;Senador(a);Internacional;GRU/MVD/GRU;08/12/2019;10/12/2019; R$1.442,26 ; R$338,89 ; R$0,01 ;; R$1.781,16 ;Econ�mica;09/12/2019;;; R$271,01 ; R$1.510,15 
Reuni�es das Comiss�es Permanentes, da Mesa Diretora, bem como da LXX Sess�o Plen�ria do Parlamento do Mercosul e � Foro de La Cadena L�ctea del Mercosul �;Miss�o Oficial;Rodrigo Pacheco;Senador(a);Seguro Viagem;GRU/MVD/GRU;08/12/2019;10/12/2019; R$109,99 ; R$-   ; R$-   ;; R$109,99 ;Seguro Viagem;;;;; R$109,99 
Reuni�es da Bancada Progressista, das Comiss�es Permanentes, e da LXX Sess�o Plen�ria e Observat�rio da Democracia do Parlamento do Mercosul;Miss�o Oficial;Telm�rio Mota;Senador(a);Internacional;BSB/GRU/MVD/GRU/BSB;08/12/2019;10/12/2019; R$1.443,21 ; R$403,14 ; R$0,01 ;; R$1.846,36 ;Econ�mica;;;;; R$1.846,36 
Reuni�es da Bancada Progressista, das Comiss�es Permanentes, e da LXX Sess�o Plen�ria e Observat�rio da Democracia do Parlamento do Mercosul;Miss�o Oficial;Telm�rio Mota;Senador(a);Seguro Viagem;BSB/GRU/MVD/GRU/BSB;08/12/2019;10/12/2019; R$110,51 ; R$-   ; R$-   ;; R$110,51 ;Seguro Viagem;;;;; R$110,51 
;;;;;;;; R$899.393,29 ; R$60.195,55 ; R$1,65 ; R$5.846,75 ; R$965.437,24 ;;; R$-   ; R$1.466,43 ; R$30.684,89 ; R$933.285,92 
